,email,tdm_url,time_stamp,mine_method,doi,recall,precision,comment,host,domain,suffix,grid_id,name,link
0, ,http://pubs.acs.org/doi/pdf/10.1021/acsnano.5b06216,2019-01-13 12:40:30 UTC,ACS TDM,10.1021/acsnano.5b06216,True,True,,,,,,,
1, ,http://harvest.aps.org/v2/journals/articles/10.1103/PhysRevD.91.119901/fulltext,2019-01-12 15:15:16 UTC,APS TDM,10.1103/physrevd.91.119901,True,True,,,,,,,
2, ,http://harvest.aps.org/v2/journals/articles/10.1103/PhysRevD.98.092005/fulltext,2019-01-12 15:15:16 UTC,APS TDM,10.1103/physrevd.98.092005,True,True,,,,,,,
3, ,http://harvest.aps.org/v2/journals/articles/10.1103/PhysRevD.98.056014/fulltext,2019-01-12 15:15:16 UTC,APS TDM,10.1103/physrevd.98.056014,True,True,,,,,,,
4, ,https://api.elsevier.com/content/article/PII:S0032063316301623?httpAccept=text/xml,2018-12-17 16:06:12 UTC,Elsevier XML,10.1016/j.pss.2016.11.007,True,True,,,,,,,
5,126.com,https://api.elsevier.com/content/article/PII:S0022510X16305731?httpAccept=text/xml,2018-12-17 16:06:12 UTC,Elsevier XML,10.1016/j.jns.2016.09.024,True,True,,,,,,,
6,Outlook.com,http://link.springer.com/article/10.1007/s12035-018-1131-8/fulltext.html,2019-01-04 14:40:57 UTC,Springer HTML,10.1007/s12035-018-1131-8,False,True,second adress,,,,,,
7,aau.in, ,2018-12-16 12:29:19 UTC,PMC OAI (NIH),10.1007/s13205-015-0351-0,False,True,more adresses,aau.in,aau,in,grid.411373.3,Anand Agricultural University,http://www.aau.in/
8,adm.cgmh.org.tw, ,2018-12-16 12:29:19 UTC,PMC OAI (NIH),10.1007/s12032-018-1181-9,True,True,,,,,,,
9,agh.edu.pl,http://link.springer.com/article/10.1007/s11784-016-0288-x/fulltext.html,2018-12-18 08:00:29 UTC,Springer HTML,10.1007/s11784-016-0288-x,True,True,,agh.edu.pl,agh,edu.pl,grid.9922.0,AGH University of Science and Technology,http://www.agh.edu.pl/en
10,amc.nl, ,2018-12-16 12:29:19 UTC,PMC OAI (NIH),10.1007/s00464-015-4694-8,True,True,,,,,,,
11,amc.uva.nl,http://link.springer.com/article/10.1007/s11764-018-0690-z/fulltext.html,2019-01-04 14:40:57 UTC,Springer HTML,10.1007/s11764-018-0690-z,True,True,,amc.uva.nl,uva,nl,grid.7177.6,University of Amsterdam,http://www.uva.nl/en/home
12,amc.uva.nl,https://api.wiley.com/onlinelibrary/tdm/v1/articles/10.1111%2Fadd.14500,2019-01-14 09:48:52 UTC,Wiley PDF,10.1111/add.14500,True,True,,amc.uva.nl,uva,nl,grid.7177.6,University of Amsterdam,http://www.uva.nl/en/home
13,amc.uva.nl, ,2018-12-16 12:29:19 UTC,PMC OAI (NIH),10.1007/s00167-016-4062-9,True,True,,amc.uva.nl,uva,nl,grid.7177.6,University of Amsterdam,http://www.uva.nl/en/home
14,amu.edu.pl,http://link.springer.com/article/10.1007/s00340-016-6429-5/fulltext.html,2018-12-18 08:00:29 UTC,Springer HTML,10.1007/s00340-016-6429-5,True,True,,,,,,,
15,aok.pte.hu,https://api.wiley.com/onlinelibrary/tdm/v1/articles/10.1002%2Felps.201800378,2019-01-03 18:07:39 UTC,Wiley PDF,10.1002/elps.201800378,True,True,,,,,,,
16,astrazeneca.com, ,2018-12-16 12:29:19 UTC,PMC OAI (NIH),10.1107/s2059798316004502,False,True,more adresses,astrazeneca.com,astrazeneca,com,grid.418151.8,AstraZeneca (Sweden),http://www.astrazeneca.com/
17,bartshealth.nhs.uk, ,2018-12-16 12:29:19 UTC,PMC OAI (NIH),10.1007/s00441-017-2576-1,False,True,more adresses,bartshealth.nhs.uk,bartshealth,nhs.uk,grid.139534.9,Barts Health NHS Trust,http://www.bartshealth.nhs.uk/
18,bartshealth.nhs.uk, ,2018-12-16 12:29:19 UTC,PMC OAI (NIH),10.1007/s00441-017-2576-1,False,True,more adresses,bartshealth.nhs.uk,bartshealth,nhs.uk,grid.416036.6,London Chest Hospital,http://www.bartshealth.nhs.uk/our-hospitals/the-london-chest-hospital/
19,bartshealth.nhs.uk, ,2018-12-16 12:29:19 UTC,PMC OAI (NIH),10.1007/s00441-017-2576-1,False,True,more adresses,bartshealth.nhs.uk,bartshealth,nhs.uk,grid.439227.9,Mile End Hospital,http://www.bartshealth.nhs.uk/our-hospitals/mile-end-hospital/
20,bath.ac.uk,https://api.elsevier.com/content/article/PII:S0926337315000624?httpAccept=text/xml,2018-12-17 16:06:12 UTC,Elsevier XML,10.1016/j.apcatb.2015.02.011,True,True,,bath.ac.uk,bath,ac.uk,grid.7340.0,University of Bath,http://www.bath.ac.uk/
21,bayer.com, ,2018-12-16 12:29:19 UTC,PMC OAI (NIH),10.1007/s40262-016-0492-2,True,True,,,,,,,
22,bc3research.org,https://api.elsevier.com/content/article/PII:S1462901117309978?httpAccept=text/xml,2018-12-17 16:06:12 UTC,Elsevier XML,10.1016/j.envsci.2018.01.017,False,True,more adresses,bc3research.org,bc3research,org,grid.423984.0,Basque Centre for Climate Change,http://www.bc3research.org/
23,bham.ac.uk,https://api.elsevier.com/content/article/PII:S0168851017301987?httpAccept=text/xml,2018-12-17 16:06:12 UTC,Elsevier XML,10.1016/j.healthpol.2017.07.009,False,True,more adresses,,,,,,
24,bham.ac.uk,https://api.elsevier.com/content/article/PII:S0895435613000723?httpAccept=text/xml,2018-12-17 16:06:12 UTC,Elsevier XML,10.1016/j.jclinepi.2012.12.017,True,True,,,,,,,
25,biofilm.montana.edu, ,2018-12-16 12:29:19 UTC,PMC OAI (NIH),10.1007/s00253-017-8724-4,True,True,,biofilm.montana.edu,montana,edu,grid.460394.c,Montana State University System,http://www.montana.edu/about/system.html
26,biofilm.montana.edu, ,2018-12-16 12:29:19 UTC,PMC OAI (NIH),10.1007/s00253-017-8724-4,True,True,,biofilm.montana.edu,montana,edu,grid.41891.35,Montana State University,http://www.montana.edu/
27,bris.ac.uk,http://link.springer.com/article/10.1007/s10649-018-9815-6/fulltext.html,2018-12-18 08:00:29 UTC,Springer HTML,10.1007/s10649-018-9815-6,True,True,,,,,,,
28,brown.edu,https://api.elsevier.com/content/article/PII:S1053811915009490?httpAccept=text/xml,2018-12-17 16:06:12 UTC,Elsevier XML,10.1016/j.neuroimage.2015.10.038,True,True,,brown.edu,brown,edu,grid.40263.33,Brown University,http://www.brown.edu/
29,bruker.com,http://link.springer.com/article/10.1007/s11837-018-2752-0/fulltext.html,2018-12-18 08:00:29 UTC,Springer HTML,10.1007/s11837-018-2752-0,True,True,,,,,,,
30,brunel.ac.uk,https://api.elsevier.com/content/article/PII:S0028393214000943?httpAccept=text/xml,2018-12-17 16:06:12 UTC,Elsevier XML,10.1016/j.neuropsychologia.2014.03.009,True,True,,brunel.ac.uk,brunel,ac.uk,grid.7728.a,Brunel University London,http://www.brunel.ac.uk/
31,bsi.ru.nl, ,2018-12-16 12:29:19 UTC,PMC OAI (NIH),10.1007/s00213-016-4332-8,True,True,,bsi.ru.nl,ru,nl,grid.5590.9,Radboud University Nijmegen,http://www.ru.nl/english/
32,caas.cn, ,2018-12-16 12:29:19 UTC,PMC OAI (NIH),10.1093/jxb/erx382,True,True,,caas.cn,caas,cn,grid.469566.e,Sweet Potato Research Institute,http://www.caas.cn/en/administration/research_institutes/research_institutes_out_beijing/jiangsu_xuzhou/77932.shtml
33,caas.cn, ,2018-12-16 12:29:19 UTC,PMC OAI (NIH),10.1093/jxb/erx382,True,True,,caas.cn,caas,cn,grid.469586.0,Institute of Pomology,http://ip.caas.cn/
34,caas.cn, ,2018-12-16 12:29:19 UTC,PMC OAI (NIH),10.1093/jxb/erx382,True,True,,caas.cn,caas,cn,grid.464292.f,Institute of Grassland Research,http://www.caas.cn/jg/yzgsw/51210.shtml
35,caas.cn, ,2018-12-16 12:29:19 UTC,PMC OAI (NIH),10.1093/jxb/erx382,True,True,,caas.cn,caas,cn,grid.410727.7,Chinese Academy of Agricultural Sciences,http://www.caas.cn/en/
36,caas.cn, ,2018-12-16 12:29:19 UTC,PMC OAI (NIH),10.1093/jxb/erx382,True,True,,caas.cn,caas,cn,grid.487615.9,Sericultural Research Institute,http://www.caas.cn/en/administration/research_institutes/co_hosted_institutes/77917.shtml
37,caas.cn, ,2018-12-16 12:29:19 UTC,PMC OAI (NIH),10.1093/jxb/erx382,True,True,,caas.cn,caas,cn,grid.454892.6,Lanzhou Institute of Veterinary Research,http://www.caas.cn/en/administration/research_institutes/research_institutes_out_beijing/gansu_lanzhou/77942.shtml
38,cam.ac.uk,https://api.elsevier.com/content/article/PII:S1550413118301311?httpAccept=text/xml,2018-12-17 16:06:12 UTC,Elsevier XML,10.1016/j.cmet.2018.02.020,True,True,,cam.ac.uk,cam,ac.uk,grid.5335.0,University of Cambridge,http://www.cam.ac.uk/
39,cam.ac.uk,http://link.springer.com/article/10.1007/s12520-018-0694-7/fulltext.html,2018-12-18 08:00:29 UTC,Springer HTML,10.1007/s12520-018-0694-7,True,True,,cam.ac.uk,cam,ac.uk,grid.5335.0,University of Cambridge,http://www.cam.ac.uk/
40,cam.ac.uk,http://link.springer.com/article/10.1007/s10708-016-9719-x/fulltext.html,2018-12-18 08:00:29 UTC,Springer HTML,10.1007/s10708-016-9719-x,True,True,,cam.ac.uk,cam,ac.uk,grid.5335.0,University of Cambridge,http://www.cam.ac.uk/
41,cardiff.ac.uk, ,2018-12-16 12:29:19 UTC,PMC OAI (NIH),10.1007/s12031-018-1083-5,True,True,,cardiff.ac.uk,cardiff,ac.uk,grid.5600.3,Cardiff University,http://www.cardiff.ac.uk/
42,cardiov.ox.ac.uk, ,2018-12-16 12:29:19 UTC,PMC OAI (NIH),10.1002/mrm.26213,True,True,,cardiov.ox.ac.uk,ox,ac.uk,grid.4991.5,University of Oxford,http://www.ox.ac.uk/
43,cdc.gov,https://api.elsevier.com/content/article/PII:S0749379715005164?httpAccept=text/xml,2018-12-17 16:06:12 UTC,Elsevier XML,10.1016/j.amepre.2015.08.026,True,True,,cdc.gov,cdc,gov,grid.416778.b,National Center for Environmental Health,http://www.cdc.gov/nceh/
44,cdc.gov,https://api.elsevier.com/content/article/PII:S0749379715005164?httpAccept=text/xml,2018-12-17 16:06:12 UTC,Elsevier XML,10.1016/j.amepre.2015.08.026,True,True,,cdc.gov,cdc,gov,grid.470962.e,San Juan Quarantine Station,http://www.cdc.gov/quarantine/stations/san-juan.html
45,cdc.gov,https://api.elsevier.com/content/article/PII:S0749379715005164?httpAccept=text/xml,2018-12-17 16:06:12 UTC,Elsevier XML,10.1016/j.amepre.2015.08.026,True,True,,cdc.gov,cdc,gov,grid.469508.6,Division of Parasitic Diseases and Malaria,http://www.cdc.gov/parasites/features/dpdm_strategic_2015.html
46,cdc.gov,https://api.elsevier.com/content/article/PII:S0749379715005164?httpAccept=text/xml,2018-12-17 16:06:12 UTC,Elsevier XML,10.1016/j.amepre.2015.08.026,True,True,,cdc.gov,cdc,gov,grid.467923.d,National Center for Emerging and Zoonotic Infectious Diseases,http://www.cdc.gov/ncezid/
47,cdc.gov,https://api.elsevier.com/content/article/PII:S0749379715005164?httpAccept=text/xml,2018-12-17 16:06:12 UTC,Elsevier XML,10.1016/j.amepre.2015.08.026,True,True,,cdc.gov,cdc,gov,grid.467642.5,Center for Global Health,http://www.cdc.gov/globalhealth/index.html
48,cdc.gov,https://api.elsevier.com/content/article/PII:S0749379715005164?httpAccept=text/xml,2018-12-17 16:06:12 UTC,Elsevier XML,10.1016/j.amepre.2015.08.026,True,True,,cdc.gov,cdc,gov,grid.467641.6,"Office for State, Tribal, Local and Territorial Support",http://www.cdc.gov/stltpublichealth/
49,cdc.gov,https://api.elsevier.com/content/article/PII:S0749379715005164?httpAccept=text/xml,2018-12-17 16:06:12 UTC,Elsevier XML,10.1016/j.amepre.2015.08.026,True,True,,cdc.gov,cdc,gov,grid.467640.7,Office of Public Health Genomics,http://www.cdc.gov/genomics/
50,cdc.gov,https://api.elsevier.com/content/article/PII:S0749379715005164?httpAccept=text/xml,2018-12-17 16:06:12 UTC,Elsevier XML,10.1016/j.amepre.2015.08.026,True,True,,cdc.gov,cdc,gov,grid.467635.5,Office of Public Health Preparedness and Response,http://www.cdc.gov/phpr/
51,cdc.gov,https://api.elsevier.com/content/article/PII:S0749379715005164?httpAccept=text/xml,2018-12-17 16:06:12 UTC,Elsevier XML,10.1016/j.amepre.2015.08.026,True,True,,cdc.gov,cdc,gov,grid.453445.7,National Center on Birth Defects and Developmental Disabilities,http://www.cdc.gov/ncbddd/index.html
52,cdc.gov,https://api.elsevier.com/content/article/PII:S0749379715005164?httpAccept=text/xml,2018-12-17 16:06:12 UTC,Elsevier XML,10.1016/j.amepre.2015.08.026,True,True,,cdc.gov,cdc,gov,grid.453275.2,National Center for Injury Prevention and Control,http://www.cdc.gov/injury/
53,cdc.gov,https://api.elsevier.com/content/article/PII:S0749379715005164?httpAccept=text/xml,2018-12-17 16:06:12 UTC,Elsevier XML,10.1016/j.amepre.2015.08.026,True,True,,cdc.gov,cdc,gov,grid.416789.5,National Center for Health Statistics,http://www.cdc.gov/nchs/
54,cdc.gov,https://api.elsevier.com/content/article/PII:S0749379715005164?httpAccept=text/xml,2018-12-17 16:06:12 UTC,Elsevier XML,10.1016/j.amepre.2015.08.026,True,True,,cdc.gov,cdc,gov,grid.416781.d,National Center for Chronic Disease Prevention and Health Promotion,http://www.cdc.gov/chronicdisease/
55,cdc.gov,https://api.elsevier.com/content/article/PII:S0749379715005164?httpAccept=text/xml,2018-12-17 16:06:12 UTC,Elsevier XML,10.1016/j.amepre.2015.08.026,True,True,,cdc.gov,cdc,gov,grid.416738.f,Centers for Disease Control and Prevention,http://www.cdc.gov/
56,cdc.gov,https://api.elsevier.com/content/article/PII:S0749379715005164?httpAccept=text/xml,2018-12-17 16:06:12 UTC,Elsevier XML,10.1016/j.amepre.2015.08.026,True,True,,cdc.gov,cdc,gov,grid.416809.2,National Institute for Occupational Safety and Health,http://www.cdc.gov/niosh/
57,cdc.gov,https://api.elsevier.com/content/article/PII:S0749379715005164?httpAccept=text/xml,2018-12-17 16:06:12 UTC,Elsevier XML,10.1016/j.amepre.2015.08.026,True,True,,cdc.gov,cdc,gov,grid.418491.1,National Vital Statistics System,http://www.cdc.gov/nchs/nvss
58,cdc.gov,https://api.elsevier.com/content/article/PII:S0749379715005164?httpAccept=text/xml,2018-12-17 16:06:12 UTC,Elsevier XML,10.1016/j.amepre.2015.08.026,True,True,,cdc.gov,cdc,gov,grid.419260.8,National Center for Immunization and Respiratory Diseases,http://www.cdc.gov/ncird/
59,cdc.gov,https://api.elsevier.com/content/article/PII:S0749379715005164?httpAccept=text/xml,2018-12-17 16:06:12 UTC,Elsevier XML,10.1016/j.amepre.2015.08.026,True,True,,cdc.gov,cdc,gov,grid.419980.d,National Center for HIV/AIDS Viral Hepatitis STD and TB Prevention,http://www.cdc.gov/nchhstp/
60,cdc.gov,https://api.elsevier.com/content/article/PII:S0749379715005164?httpAccept=text/xml,2018-12-17 16:06:12 UTC,Elsevier XML,10.1016/j.amepre.2015.08.026,True,True,,cdc.gov,cdc,gov,grid.419261.9,National Center for Infectious Diseases,http://www.cdc.gov/ncidod
61,cern.ch,https://api.wiley.com/onlinelibrary/tdm/v1/articles/10.1002%2Ftea.21442,2019-01-03 18:07:39 UTC,Wiley PDF,10.1002/tea.21442,True,True,,,,,,,
62,cicy.mx,https://api.elsevier.com/content/article/PII:S1055790317308709?httpAccept=text/xml,2018-12-17 16:06:12 UTC,Elsevier XML,10.1016/j.ympev.2018.04.032,True,True,,,,,,,
63,cms.caltech.edu,http://link.springer.com/article/10.1186/s40687-017-0113-1/fulltext.html,2018-12-18 08:00:29 UTC,Springer HTML,10.1186/s40687-017-0113-1,True,True,,cms.caltech.edu,caltech,edu,grid.20861.3d,California Institute of Technology,http://www.caltech.edu/
64,cos.uni-heidelberg.de,https://api.elsevier.com/content/article/PII:S1369526614001447?httpAccept=text/xml,2018-12-17 16:06:12 UTC,Elsevier XML,10.1016/j.pbi.2014.10.010,True,True,,cos.uni-heidelberg.de,uni-heidelberg,de,grid.7700.0,Heidelberg University,http://www.uni-heidelberg.de/index_e.html
65,cox.net, ,2018-12-16 12:29:19 UTC,PMC OAI (NIH),10.1007/s13752-016-0244-4,True,True,,,,,,,
66,cp3-origins.net,http://harvest.aps.org/v2/journals/articles/10.1103/PhysRevD.96.075040/fulltext,2019-01-12 15:15:16 UTC,APS TDM,10.1103/physrevd.96.075040,False,True,more adresses,,,,,,
67,crc.jussieu.fr,https://api.elsevier.com/content/article/PII:S0014482715301038?httpAccept=text/xml,2018-12-17 16:06:12 UTC,Elsevier XML,10.1016/j.yexcr.2015.09.018,True,True,,,,,,,
68,crt-dresden.de,https://api.elsevier.com/content/article/PII:S1534580716307511?httpAccept=text/xml,2018-12-17 16:06:12 UTC,Elsevier XML,10.1016/j.devcel.2016.10.013,False,True,second adress,,,,,,
69,cuhk.edu.hk, ,2018-12-16 12:29:19 UTC,PMC OAI (NIH),10.1007/s11892-016-0821-8,True,True,,cuhk.edu.hk,cuhk,edu.hk,grid.10784.3a,Chinese University of Hong Kong,http://www.cuhk.edu.hk/english/index.html
70,duke-nus.edu.sg,https://api.elsevier.com/content/article/PII:S1053811917301040?httpAccept=text/xml,2018-12-17 16:06:12 UTC,Elsevier XML,10.1016/j.neuroimage.2017.01.080,True,True,,,,,,,
71,duke.edu, ,2018-12-16 12:29:19 UTC,PMC OAI (NIH),10.1093/infdis/jiy008,True,True,,duke.edu,duke,edu,grid.26009.3d,Duke University,http://www.duke.edu/
72,durham.ac.uk,https://api.elsevier.com/content/article/PII:S0305440313001362?httpAccept=text/xml,2018-12-17 16:06:12 UTC,Elsevier XML,10.1016/j.jas.2013.04.012,False,True,more adresses,,,,,,
73,dwc.doshisha.ac.jp,https://api.elsevier.com/content/article/PII:S1083879116302245?httpAccept=text/xml,2018-12-17 16:06:12 UTC,Elsevier XML,10.1016/j.bbmt.2016.07.008,True,True,,,,,,,
74,ebc.uu.se,https://api.elsevier.com/content/article/PII:S0960982215004005?httpAccept=text/xml,2018-12-17 16:06:12 UTC,Elsevier XML,10.1016/j.cub.2015.03.047,True,True,,,,,,,
75,ec.europa.eu,http://link.springer.com/article/10.1007/s11187-018-0017-5/fulltext.html,2018-12-18 08:00:29 UTC,Springer HTML,10.1007/s11187-018-0017-5,True,True,,ec.europa.eu,europa,eu,grid.467729.9,Directorate-General for Interpretation,http://ec.europa.eu/dgs/scic/index_en.htm
76,ec.europa.eu,http://link.springer.com/article/10.1007/s11187-018-0017-5/fulltext.html,2018-12-18 08:00:29 UTC,Springer HTML,10.1007/s11187-018-0017-5,True,True,,ec.europa.eu,europa,eu,grid.467735.4,Directorate-General for Maritime Affairs and Fisheries,http://ec.europa.eu/dgs/maritimeaffairs_fisheries/index_en.htm
77,ec.europa.eu,http://link.springer.com/article/10.1007/s11187-018-0017-5/fulltext.html,2018-12-18 08:00:29 UTC,Springer HTML,10.1007/s11187-018-0017-5,True,True,,ec.europa.eu,europa,eu,grid.467742.4,Directorate-General for Taxation and Customs Union,http://ec.europa.eu/taxation_customs/index_en.htm
78,ec.europa.eu,http://link.springer.com/article/10.1007/s11187-018-0017-5/fulltext.html,2018-12-18 08:00:29 UTC,Springer HTML,10.1007/s11187-018-0017-5,True,True,,ec.europa.eu,europa,eu,grid.467746.0,Directorate-General for Neighbourhood and Enlargement Negotiations,http://ec.europa.eu/enlargement/index_en.htm
79,ec.europa.eu,http://link.springer.com/article/10.1007/s11187-018-0017-5/fulltext.html,2018-12-18 08:00:29 UTC,Springer HTML,10.1007/s11187-018-0017-5,True,True,,ec.europa.eu,europa,eu,grid.467755.2,Directorate-General for Trade,http://ec.europa.eu/trade/
80,ec.europa.eu,http://link.springer.com/article/10.1007/s11187-018-0017-5/fulltext.html,2018-12-18 08:00:29 UTC,Springer HTML,10.1007/s11187-018-0017-5,True,True,,ec.europa.eu,europa,eu,grid.478758.1,Directorate-General for Health and Food Safety,http://ec.europa.eu/dgs/health_food-safety/index_en.htm
81,ec.europa.eu,http://link.springer.com/article/10.1007/s11187-018-0017-5/fulltext.html,2018-12-18 08:00:29 UTC,Springer HTML,10.1007/s11187-018-0017-5,True,True,,ec.europa.eu,europa,eu,grid.478761.b,Directorate-General for International Cooperation and Development,http://ec.europa.eu/europeaid/
82,ec.europa.eu,http://link.springer.com/article/10.1007/s11187-018-0017-5/fulltext.html,2018-12-18 08:00:29 UTC,Springer HTML,10.1007/s11187-018-0017-5,True,True,,ec.europa.eu,europa,eu,grid.478763.9,Directorate-General for Justice and Consumers,http://ec.europa.eu/justice/index_en.htm
83,ec.europa.eu,http://link.springer.com/article/10.1007/s11187-018-0017-5/fulltext.html,2018-12-18 08:00:29 UTC,Springer HTML,10.1007/s11187-018-0017-5,True,True,,ec.europa.eu,europa,eu,grid.467722.2,Directorate-General for Economic and Financial Affairs,http://ec.europa.eu/dgs/economy_finance/index_en.htm
84,ec.europa.eu,http://link.springer.com/article/10.1007/s11187-018-0017-5/fulltext.html,2018-12-18 08:00:29 UTC,Springer HTML,10.1007/s11187-018-0017-5,True,True,,ec.europa.eu,europa,eu,grid.483728.2,"Directorate-General for Education, Youth, Sport and Culture",http://ec.europa.eu/dgs/education_culture/
85,ec.europa.eu,http://link.springer.com/article/10.1007/s11187-018-0017-5/fulltext.html,2018-12-18 08:00:29 UTC,Springer HTML,10.1007/s11187-018-0017-5,True,True,,ec.europa.eu,europa,eu,grid.483732.9,Directorate-General for Research and Innovation,http://ec.europa.eu/research/index.cfm?pg=dg
86,ec.europa.eu,http://link.springer.com/article/10.1007/s11187-018-0017-5/fulltext.html,2018-12-18 08:00:29 UTC,Springer HTML,10.1007/s11187-018-0017-5,True,True,,ec.europa.eu,europa,eu,grid.454146.6,"Consumers, Health, Agriculture and Food Executive Agency",http://ec.europa.eu/chafea/
87,ec.europa.eu,http://link.springer.com/article/10.1007/s11187-018-0017-5/fulltext.html,2018-12-18 08:00:29 UTC,Springer HTML,10.1007/s11187-018-0017-5,True,True,,ec.europa.eu,europa,eu,grid.270680.b,European Commission,http://ec.europa.eu/index_en.htm
88,ec.europa.eu,http://link.springer.com/article/10.1007/s11187-018-0017-5/fulltext.html,2018-12-18 08:00:29 UTC,Springer HTML,10.1007/s11187-018-0017-5,True,True,,ec.europa.eu,europa,eu,grid.467724.4,Eurostat,http://ec.europa.eu/eurostat
89,ecust.edu.cn,http://pubs.acs.org/doi/pdf/10.1021/acs.jmedchem.5b01984,2019-01-13 12:40:30 UTC,ACS TDM,10.1021/acs.jmedchem.5b01984,False,True,second adress,ecust.edu.cn,ecust,edu.cn,grid.28056.39,East China University of Science and Technology,http://www.ecust.edu.cn/s/2/t/209/main.htm
90,ed.ac.uk,https://api.elsevier.com/content/article/PII:S0167587718302435?httpAccept=text/xml,2018-12-17 16:06:12 UTC,Elsevier XML,10.1016/j.prevetmed.2018.09.010,False,True,second adress,ed.ac.uk,ed,ac.uk,grid.4305.2,University of Edinburgh,http://www.ed.ac.uk/home
91,email.arizona.edu,https://api.elsevier.com/content/article/PII:S0306452218300770?httpAccept=text/xml,2018-12-17 16:06:12 UTC,Elsevier XML,10.1016/j.neuroscience.2018.01.047,True,True,,email.arizona.edu,arizona,edu,grid.134563.6,University of Arizona,http://www.arizona.edu/
92,emr.ac.uk,https://api.wiley.com/onlinelibrary/tdm/v1/articles/10.1111%2Fnph.15182,2019-01-03 18:07:39 UTC,Wiley PDF,10.1111/nph.15182,True,True,,emr.ac.uk,emr,ac.uk,grid.420822.e,East Malling Research (United Kingdom),http://www.emr.ac.uk/
93,epfl.ch,https://api.elsevier.com/content/article/PII:S0097849316300218?httpAccept=text/xml,2018-12-17 16:06:12 UTC,Elsevier XML,10.1016/j.cag.2016.03.008,True,True,,epfl.ch,epfl,ch,grid.5333.6,École Polytechnique Fédérale de Lausanne,http://www.epfl.ch/index.en.html
94,erasmusmc.nl,https://api.elsevier.com/content/article/PII:S0928098717300490?httpAccept=text/xml,2018-12-17 16:06:12 UTC,Elsevier XML,10.1016/j.ejps.2017.01.025,True,True,,erasmusmc.nl,erasmusmc,nl,grid.416135.4,Sophia Children's Hospital,http://www.erasmusmc.nl/sophia/
95,erasmusmc.nl,https://api.elsevier.com/content/article/PII:S0928098717300490?httpAccept=text/xml,2018-12-17 16:06:12 UTC,Elsevier XML,10.1016/j.ejps.2017.01.025,True,True,,erasmusmc.nl,erasmusmc,nl,grid.5645.2,Erasmus University Medical Center,http://www.erasmusmc.nl/
96,exeter.ac.uk,https://api.elsevier.com/content/article/PII:S0029801817302433?httpAccept=text/xml,2018-12-17 16:06:12 UTC,Elsevier XML,10.1016/j.oceaneng.2017.04.049,True,True,,exeter.ac.uk,exeter,ac.uk,grid.8391.3,University of Exeter,http://www.exeter.ac.uk/
97,exponent.com,https://api.elsevier.com/content/article/PII:S089062381730103X?httpAccept=text/xml,2018-12-17 16:06:12 UTC,Elsevier XML,10.1016/j.reprotox.2017.05.012,True,True,,exponent.com,exponent,com,grid.418983.f,Exponent (United States),http://www.exponent.com/
98,fsw.leidenuniv.nl,http://link.springer.com/article/10.3758/s13423-018-1432-y/fulltext.html,2019-01-04 14:40:57 UTC,Springer HTML,10.3758/s13423-018-1432-y,True,True,,,,,,,
99,fz-juelich.de,https://api.wiley.com/onlinelibrary/tdm/v1/articles/10.1002%2Fadfm.201702282,2019-01-03 18:07:39 UTC,Wiley PDF,10.1002/adfm.201702282,False,True,second adress,fz-juelich.de,fz-juelich,de,grid.8385.6,Forschungszentrum Jülich,http://www.fz-juelich.de/portal/EN/Home/home_node.html
100,fz-juelich.de,https://api.elsevier.com/content/article/PII:S0168900217308392?httpAccept=text/xml,2018-12-17 16:06:12 UTC,Elsevier XML,10.1016/j.nima.2017.07.064,True,True,,fz-juelich.de,fz-juelich,de,grid.8385.6,Forschungszentrum Jülich,http://www.fz-juelich.de/portal/EN/Home/home_node.html
101,gic.se, ,2018-12-16 12:29:19 UTC,PMC OAI (NIH),10.1007/s13181-016-0584-2,True,True,,,,,,,
102,glasgow.ac.uk, ,2018-12-16 12:29:19 UTC,PMC OAI (NIH),10.1042/bcj20170184,True,True,,,,,,,
103,gmail.com,http://link.springer.com/article/10.1007/s40072-018-0113-1/fulltext.html,2018-12-18 08:00:29 UTC,Springer HTML,10.1007/s40072-018-0113-1,True,True,,,,,,,
104,gmail.com,https://www.tandfonline.com/doi/pdf/10.1080/08941920.2018.1505012,2019-01-12 15:11:32 UTC,Informa TDM,10.1080/08941920.2018.1505012,True,True,,,,,,,
105,gmail.com,http://link.springer.com/article/10.1007/s11368-016-1599-7/fulltext.html,2018-12-18 08:00:29 UTC,Springer HTML,10.1007/s11368-016-1599-7,True,True,,,,,,,
106,gmail.com,http://link.springer.com/article/10.1007/s11009-016-9530-7/fulltext.html,2018-12-18 08:00:29 UTC,Springer HTML,10.1007/s11009-016-9530-7,True,True,,,,,,,
107,gmail.com,http://link.springer.com/article/10.1007/s13146-017-0399-5/fulltext.html,2018-12-18 08:00:29 UTC,Springer HTML,10.1007/s13146-017-0399-5,True,True,,,,,,,
108,gmail.com, ,2018-12-16 12:29:19 UTC,PMC OAI (NIH),10.1007/s13205-016-0586-4,False,True,second adress,,,,,,
109,gmail.com,http://link.springer.com/article/10.1007/s11625-018-0636-4/fulltext.html,2018-12-18 08:00:29 UTC,Springer HTML,10.1007/s11625-018-0636-4,True,True,,,,,,,
110,gmail.com,https://api.elsevier.com/content/article/PII:S0378779615000693?httpAccept=text/xml,2018-12-17 16:06:12 UTC,Elsevier XML,10.1016/j.epsr.2015.03.009,False,True,second adress,,,,,,
111,greenwich.ac.uk,https://api.elsevier.com/content/article/PII:S0981942816301917?httpAccept=text/xml,2018-12-17 16:06:12 UTC,Elsevier XML,10.1016/j.plaphy.2016.05.021,True,True,,,,,,,
112,hc-sc.gc.ca, ,2018-12-16 12:29:19 UTC,PMC OAI (NIH),10.1007/s00204-016-1891-8,True,True,,hc-sc.gc.ca,hc-sc,gc.ca,grid.57544.37,Health Canada,http://www.hc-sc.gc.ca/index-eng.php
113,helsinki.fi,http://link.springer.com/article/10.1007/s00181-018-1582-9/fulltext.html,2018-12-18 08:00:29 UTC,Springer HTML,10.1007/s00181-018-1582-9,True,True,,,,,,,
114,hotmail.com,https://api.elsevier.com/content/article/PII:S0360319918312680?httpAccept=text/xml,2018-12-17 16:06:12 UTC,Elsevier XML,10.1016/j.ijhydene.2018.04.111,True,True,,,,,,,
115,houstonmethodist.org,https://api.elsevier.com/content/article/PII:S0161642017317840?httpAccept=text/xml,2018-12-17 16:06:12 UTC,Elsevier XML,10.1016/j.ophtha.2017.09.001,True,True,,houstonmethodist.org,houstonmethodist,org,grid.490196.3,Houston Methodist Sugar Land Hospital,http://www.houstonmethodist.org/locations/sugar-land/
116,houstonmethodist.org, ,2018-12-16 12:29:19 UTC,PMC OAI (NIH),10.1007/s11605-017-3379-0,True,True,,houstonmethodist.org,houstonmethodist,org,grid.63368.38,Houston Methodist,http://www.houstonmethodist.org/?sl=general&gclid=COK5taLm4cYCFUvItAodWqcNSQ
117,houstonmethodist.org,https://api.elsevier.com/content/article/PII:S0161642017317840?httpAccept=text/xml,2018-12-17 16:06:12 UTC,Elsevier XML,10.1016/j.ophtha.2017.09.001,True,True,,houstonmethodist.org,houstonmethodist,org,grid.415073.4,San Jacinto Methodist Hospital,http://www.houstonmethodist.org/locations/san-jacinto-baytown/
118,houstonmethodist.org,https://api.elsevier.com/content/article/PII:S0161642017317840?httpAccept=text/xml,2018-12-17 16:06:12 UTC,Elsevier XML,10.1016/j.ophtha.2017.09.001,True,True,,houstonmethodist.org,houstonmethodist,org,grid.63368.38,Houston Methodist,http://www.houstonmethodist.org/?sl=general&gclid=COK5taLm4cYCFUvItAodWqcNSQ
119,houstonmethodist.org, ,2018-12-16 12:29:19 UTC,PMC OAI (NIH),10.1007/s11605-017-3379-0,True,True,,houstonmethodist.org,houstonmethodist,org,grid.415073.4,San Jacinto Methodist Hospital,http://www.houstonmethodist.org/locations/san-jacinto-baytown/
120,houstonmethodist.org, ,2018-12-16 12:29:19 UTC,PMC OAI (NIH),10.1007/s11605-017-3379-0,True,True,,houstonmethodist.org,houstonmethodist,org,grid.490196.3,Houston Methodist Sugar Land Hospital,http://www.houstonmethodist.org/locations/sugar-land/
121,hsph.harvard.edu,https://api.elsevier.com/content/article/PII:S0749379716303129?httpAccept=text/xml,2018-12-17 16:06:12 UTC,Elsevier XML,10.1016/j.amepre.2016.08.006,True,True,,hsph.harvard.edu,harvard,edu,grid.38142.3c,Harvard University,http://www.harvard.edu/
122,hsph.harvard.edu, ,2018-12-16 12:29:19 UTC,PMC OAI (NIH),10.1093/cid/ciy097,True,True,,hsph.harvard.edu,harvard,edu,grid.38142.3c,Harvard University,http://www.harvard.edu/
123,hw.ac.uk,http://link.springer.com/article/10.1007/s10236-016-0958-7/fulltext.html,2018-12-18 08:00:29 UTC,Springer HTML,10.1007/s10236-016-0958-7,True,True,,hw.ac.uk,hw,ac.uk,grid.9531.e,Heriot-Watt University,http://www.hw.ac.uk/
124,i-med.ac.at, ,2018-12-16 12:29:19 UTC,PMC OAI (NIH),10.1007/s40134-017-0256-2,False,True,more adresses,,,,,,
125,icddrb.org,https://api.elsevier.com/content/article/PII:S1473309918301087?httpAccept=text/xml,2018-12-17 16:06:12 UTC,Elsevier XML,10.1016/s1473-3099(18)30108-7,True,True,,icddrb.org,icddrb,org,grid.414142.6,International Centre for Diarrhoeal Disease Research,http://www.icddrb.org/
126,icloud.com,https://www.tandfonline.com/doi/pdf/10.1080/09654313.2018.1425376,2019-01-12 15:11:32 UTC,Informa TDM,10.1080/09654313.2018.1425376,True,True,,,,,,,
127,icr.ac.uk,https://api.elsevier.com/content/article/PII:S0959437X14001464?httpAccept=text/xml,2018-12-17 16:06:12 UTC,Elsevier XML,10.1016/j.gde.2014.12.001,True,True,,icr.ac.uk,icr,ac.uk,grid.18886.3f,Institute of Cancer Research,http://www.icr.ac.uk/
128,ifom.eu,https://api.elsevier.com/content/article/PII:S1568786414002195?httpAccept=text/xml,2018-12-17 16:06:12 UTC,Elsevier XML,10.1016/j.dnarep.2014.08.003,False,True,more adresses,,,,,,
129,iiphg.org,https://api.elsevier.com/content/article/PII:S003335061500270X?httpAccept=text/xml,2018-12-17 16:06:12 UTC,Elsevier XML,10.1016/j.puhe.2015.07.010,True,True,,,,,,,
130,imbe.fr,https://api.wiley.com/onlinelibrary/tdm/v1/articles/10.1111%2Fnph.15502,2019-01-03 18:07:39 UTC,Wiley PDF,10.1111/nph.15502,True,True,,,,,,,
131,imdik.pan.pl,https://api.wiley.com/onlinelibrary/tdm/v1/articles/10.1111%2Fsms.12687,2019-01-03 18:07:39 UTC,Wiley PDF,10.1111/sms.12687,True,True,,imdik.pan.pl,pan,pl,grid.453758.8,Institute for Medical Biology,http://ibmpan.pl/en/
132,imn.gliwice.pl,http://link.springer.com/article/10.1007/s11664-018-6811-7/fulltext.html,2019-01-04 14:40:57 UTC,Springer HTML,10.1007/s11664-018-6811-7,True,True,,imn.gliwice.pl,imn,gliwice.pl,grid.425049.e,Institute of Non-Ferrous Metals,http://www.imn.gliwice.pl/
133,imperial.ac.uk,https://api.elsevier.com/content/article/PII:S0959440X1400075X?httpAccept=text/xml,2018-12-17 16:06:12 UTC,Elsevier XML,10.1016/j.sbi.2014.07.003,True,True,,,,,,,
134,imperial.ac.uk, ,2018-12-16 12:29:19 UTC,PMC OAI (NIH),10.1093/brain/awx354,True,True,,,,,,,
135,indiana.edu,https://api.elsevier.com/content/article/PII:S1053811917306912?httpAccept=text/xml,2018-12-17 16:06:12 UTC,Elsevier XML,10.1016/j.neuroimage.2017.08.044,True,True,,indiana.edu,indiana,edu,grid.411377.7,Indiana University Bloomington,http://www.indiana.edu/
136,ing.uc3m.es, ,2018-12-16 12:29:19 UTC,PMC OAI (NIH),10.1007/s10494-017-9869-z,True,True,,ing.uc3m.es,uc3m,es,grid.7840.b,Carlos III University of Madrid,http://www.uc3m.es/Home
137,inrca.it,https://api.elsevier.com/content/article/PII:S0168851017302063?httpAccept=text/xml,2018-12-17 16:06:12 UTC,Elsevier XML,10.1016/j.healthpol.2017.08.006,True,True,,inrca.it,inrca,it,grid.418083.6,Istituto Nazionale di Riposo e Cura per Anziani,http://www.inrca.it/inrca/home.asp?ling=en
138,jaredreser.com,https://api.elsevier.com/content/article/PII:S0306987716305801?httpAccept=text/xml,2018-12-17 16:06:12 UTC,Elsevier XML,10.1016/j.mehy.2016.12.005,True,True,,,,,,,
139,juntendo.ac.jp,https://api.wiley.com/onlinelibrary/tdm/v1/articles/10.1111%2Fdom.13593,2019-01-14 09:48:52 UTC,Wiley PDF,10.1111/dom.13593,True,True,,juntendo.ac.jp,juntendo,ac.jp,grid.482668.6,Juntendo University Nerima Hospital,http://www.juntendo.ac.jp/hospital_nerima/about/info/
140,juntendo.ac.jp,https://api.wiley.com/onlinelibrary/tdm/v1/articles/10.1111%2Fdom.13593,2019-01-14 09:48:52 UTC,Wiley PDF,10.1111/dom.13593,True,True,,juntendo.ac.jp,juntendo,ac.jp,grid.411966.d,Juntendo University Hospital,http://www.juntendo.ac.jp/hospital/global/english/
141,juntendo.ac.jp,https://api.wiley.com/onlinelibrary/tdm/v1/articles/10.1111%2Fdom.13593,2019-01-14 09:48:52 UTC,Wiley PDF,10.1111/dom.13593,True,True,,juntendo.ac.jp,juntendo,ac.jp,grid.258269.2,Juntendo University,http://www.juntendo.ac.jp/english/
142,jyu.fi,http://link.springer.com/article/10.1007/s40520-018-1074-y/fulltext.html,2019-01-04 14:40:57 UTC,Springer HTML,10.1007/s40520-018-1074-y,True,True,,,,,,,
143,kaust.edu.sa,http://stacks.iop.org/2053-1583/1/i=3/a=034001?key=crossref.0569a88dfb376568e675805a3d3d065a,2019-01-07 11:01:01 UTC,IOP TDM,10.1088/2053-1583/1/3/034001,True,True,,kaust.edu.sa,kaust,edu.sa,grid.45672.32,King Abdullah University of Science and Technology,http://www.kaust.edu.sa/
144,ki.se, ,2018-12-16 12:29:19 UTC,PMC OAI (NIH),10.1017/s0033291718000375,True,True,,,,,,,
145,kuleuven.be,https://api.elsevier.com/content/article/PII:S0305750X18300871?httpAccept=text/xml,2018-12-17 16:06:12 UTC,Elsevier XML,10.1016/j.worlddev.2018.03.006,False,True,more adresses,kuleuven.be,kuleuven,be,grid.5596.f,KU Leuven,http://www.kuleuven.be/english
146,lanl.gov,http://harvest.aps.org/v2/journals/articles/10.1103/PhysRevLett.120.211804/fulltext,2019-01-12 15:15:16 UTC,APS TDM,10.1103/physrevlett.120.211804,True,True,,,,,,,
147,lbicr.lbg.ac.at, ,2018-12-16 12:29:19 UTC,PMC OAI (NIH),10.1038/s41375-017-0005-9,True,True,,lbicr.lbg.ac.at,lbg,ac.at,grid.419350.a,Ludwig Boltzmann Gesellschaft,http://www.lbg.ac.at/en
148,lbicr.lbg.ac.at, ,2018-12-16 12:29:19 UTC,PMC OAI (NIH),10.1038/s41375-017-0005-9,True,True,,lbicr.lbg.ac.at,lbg,ac.at,grid.454389.7,Ludwig Boltzmann Institut für Epilepsie und Neuromuskuläre Erkrankungen,http://www.lbg.ac.at/en/themen/lbi-fuer-epilepsie-neuromuskulaere-erkrankungen
149,lbicr.lbg.ac.at, ,2018-12-16 12:29:19 UTC,PMC OAI (NIH),10.1038/s41375-017-0005-9,True,True,,lbicr.lbg.ac.at,lbg,ac.at,grid.454391.e,Ludwig Boltzmann Institute for Age Research,http://www.lbg.ac.at/de/node/651
150,lbicr.lbg.ac.at, ,2018-12-16 12:29:19 UTC,PMC OAI (NIH),10.1038/s41375-017-0005-9,True,True,,lbicr.lbg.ac.at,lbg,ac.at,grid.454392.d,Ludwig Boltzmann für Klinische Neurobiologie,http://www.lbg.ac.at/de/themen/lbi-fuer-klinische-neurobiologie
151,lboro.ac.uk,http://link.springer.com/article/10.1007/s00348-017-2473-0/fulltext.html,2018-12-18 08:00:29 UTC,Springer HTML,10.1007/s00348-017-2473-0,True,True,,lboro.ac.uk,lboro,ac.uk,grid.6571.5,Loughborough University,http://www.lboro.ac.uk/
152,leeds.ac.uk, ,2018-12-16 12:29:19 UTC,PMC OAI (NIH),10.1111/bju.14368,True,True,,leeds.ac.uk,leeds,ac.uk,grid.9909.9,University of Leeds,http://www.leeds.ac.uk/
153,lincoln.ac.uk, ,2018-12-16 12:29:19 UTC,PMC OAI (NIH),10.1007/s11031-017-9615-9,True,True,,lincoln.ac.uk,lincoln,ac.uk,grid.36511.30,University of Lincoln,http://www.lincoln.ac.uk/home/
154,liv.ac.uk,https://api.elsevier.com/content/article/PII:S030442031500064X?httpAccept=text/xml,2018-12-17 16:06:12 UTC,Elsevier XML,10.1016/j.marchem.2015.03.010,True,True,,liv.ac.uk,liv,ac.uk,grid.10025.36,University of Liverpool,http://www.liv.ac.uk/
155,ltu.se,http://link.springer.com/article/10.1007/s11831-018-09313-9/fulltext.html,2019-01-04 14:40:57 UTC,Springer HTML,10.1007/s11831-018-09313-9,True,True,,ltu.se,ltu,se,grid.6926.b,Luleå University of Technology,http://www.ltu.se/
156,mac.com, ,2018-12-16 12:29:19 UTC,PMC OAI (NIH),10.1007/s40261-016-0435-6,True,True,,,,,,,
157,mail.usask.ca,https://api.elsevier.com/content/article/PII:S0028390815301829?httpAccept=text/xml,2018-12-17 16:06:12 UTC,Elsevier XML,10.1016/j.neuropharm.2015.11.018,False,True,more adresses,,,,,,
158,manchester.ac.uk,https://api.wiley.com/onlinelibrary/tdm/v1/articles/10.1111%2Fgeoj.12259,2019-01-03 18:07:39 UTC,Wiley PDF,10.1111/geoj.12259,True,True,,manchester.ac.uk,manchester,ac.uk,grid.5379.8,University of Manchester,http://www.manchester.ac.uk/
159,mcgill.ca, ,2018-12-16 12:29:19 UTC,PMC OAI (NIH),10.1007/s00335-018-9772-5,True,True,,mcgill.ca,mcgill,ca,grid.14709.3b,McGill University,http://www.mcgill.ca/
160,mcgill.ca, ,2018-12-16 12:29:19 UTC,PMC OAI (NIH),10.1007/s00335-018-9772-5,True,True,,mcgill.ca,mcgill,ca,grid.416102.0,Montreal Neurological Institute and Hospital,http://www.mcgill.ca/neuro/
161,med.kuleuven.be,https://api.elsevier.com/content/article/PII:S0016508516354877?httpAccept=text/xml,2018-12-17 16:06:12 UTC,Elsevier XML,10.1053/j.gastro.2016.10.046,True,True,,med.kuleuven.be,kuleuven,be,grid.5596.f,KU Leuven,http://www.kuleuven.be/english
162,med.uni-muenchen.de, ,2019-01-06 09:58:31 UTC,PMC OAI (NIH),10.1093/annonc/mdy329,True,True,,,,,,,
163,medicine.tamhsc.edu,https://api.elsevier.com/content/article/PII:S0896841117301555?httpAccept=text/xml,2018-12-17 16:06:12 UTC,Elsevier XML,10.1016/j.jaut.2017.09.002,True,True,,medicine.tamhsc.edu,tamhsc,edu,grid.416970.d,Texas A&M Health Science Center,http://www.tamhsc.edu/
164,meduniwien.ac.at, ,2018-12-16 12:29:19 UTC,PMC OAI (NIH),10.1007/s11999-016-4741-3,True,True,,meduniwien.ac.at,meduniwien,ac.at,grid.22937.3d,Medical University of Vienna,http://www.meduniwien.ac.at/homepage/1/homepage/
165,meduniwien.ac.at, ,2018-12-16 12:29:19 UTC,PMC OAI (NIH),10.1007/s11999-016-4741-3,True,True,,meduniwien.ac.at,meduniwien,ac.at,grid.454395.a,Ludwig Boltzmann Cluster for Cardiovascular Research,http://www.meduniwien.ac.at/cvd/StartseiteLBG.htm
166,meduniwien.ac.at,https://api.elsevier.com/content/article/PII:S1740674914000158?httpAccept=text/xml,2018-12-17 16:06:12 UTC,Elsevier XML,10.1016/j.ddtec.2014.03.009,True,True,,meduniwien.ac.at,meduniwien,ac.at,grid.22937.3d,Medical University of Vienna,http://www.meduniwien.ac.at/homepage/1/homepage/
167,meduniwien.ac.at,https://api.elsevier.com/content/article/PII:S1740674914000158?httpAccept=text/xml,2018-12-17 16:06:12 UTC,Elsevier XML,10.1016/j.ddtec.2014.03.009,True,True,,meduniwien.ac.at,meduniwien,ac.at,grid.454395.a,Ludwig Boltzmann Cluster for Cardiovascular Research,http://www.meduniwien.ac.at/cvd/StartseiteLBG.htm
168,mentalhealth.org.uk,https://api.elsevier.com/content/article/PII:S0165032718301381?httpAccept=text/xml,2018-12-17 16:06:12 UTC,Elsevier XML,10.1016/j.jad.2018.05.010,False,True,more adresses,,,,,,
169,mmk.su.se,http://pubs.acs.org/doi/pdf/10.1021/ct301019v,2019-01-13 12:40:30 UTC,ACS TDM,10.1021/ct301019v,True,True,,mmk.su.se,su,se,grid.10548.38,Stockholm University,http://www.su.se/english/
170,mmu.ac.uk,https://api.elsevier.com/content/article/PII:S0377221716304362?httpAccept=text/xml,2018-12-17 16:06:12 UTC,Elsevier XML,10.1016/j.ejor.2016.06.016,True,True,,,,,,,
171,mmu.ac.uk, ,2018-12-16 12:29:19 UTC,PMC OAI (NIH),10.1093/jn/nxy185,True,True,,,,,,,
172,moorfields.nhs.uk, ,2018-12-16 12:29:19 UTC,PMC OAI (NIH),10.1007/s10633-018-9652-z,True,True,,moorfields.nhs.uk,moorfields,nhs.uk,grid.439257.e,Moorfields Eye Hospital,http://www.moorfields.nhs.uk/
173,moorfields.nhs.uk, ,2018-12-16 12:29:19 UTC,PMC OAI (NIH),10.1007/s10633-018-9652-z,True,True,,moorfields.nhs.uk,moorfields,nhs.uk,grid.436474.6,Moorfields Eye Hospital NHS Foundation Trust,http://www.moorfields.nhs.uk/
174,mst.nl,https://api.elsevier.com/content/article/PII:S0002870314000155?httpAccept=text/xml,2018-12-17 16:06:12 UTC,Elsevier XML,10.1016/j.ahj.2013.11.014,True,True,,,,,,,
175,nasa.gov,http://link.springer.com/article/10.1007/s11214-018-0559-5/fulltext.html,2019-01-04 14:40:57 UTC,Springer HTML,10.1007/s11214-018-0559-5,True,True,,nasa.gov,nasa,gov,grid.456000.7,Wallops Flight Facility,http://www.nasa.gov/centers/wallops/home
176,nasa.gov,http://link.springer.com/article/10.1007/s11214-018-0559-5/fulltext.html,2019-01-04 14:40:57 UTC,Springer HTML,10.1007/s11214-018-0559-5,True,True,,nasa.gov,nasa,gov,grid.419077.c,Glenn Research Center,http://www.nasa.gov/centers/glenn/home/index.html
177,nasa.gov,http://link.springer.com/article/10.1007/s11214-018-0559-5/fulltext.html,2019-01-04 14:40:57 UTC,Springer HTML,10.1007/s11214-018-0559-5,True,True,,nasa.gov,nasa,gov,grid.419075.e,Ames Research Center,http://www.nasa.gov/centers/ames/home/index.html
178,nasa.gov,http://link.springer.com/article/10.1007/s11214-018-0559-5/fulltext.html,2019-01-04 14:40:57 UTC,Springer HTML,10.1007/s11214-018-0559-5,True,True,,nasa.gov,nasa,gov,grid.419086.2,Langley Research Center,http://www.nasa.gov/langley
179,nasa.gov,http://link.springer.com/article/10.1007/s11214-018-0559-5/fulltext.html,2019-01-04 14:40:57 UTC,Springer HTML,10.1007/s11214-018-0559-5,True,True,,nasa.gov,nasa,gov,grid.238252.c,National Aeronautics and Space Administration,http://www.nasa.gov/
180,nasa.gov,http://link.springer.com/article/10.1007/s11214-018-0559-5/fulltext.html,2019-01-04 14:40:57 UTC,Springer HTML,10.1007/s11214-018-0559-5,True,True,,nasa.gov,nasa,gov,grid.419091.4,Marshall Space Flight Center,http://www.nasa.gov/centers/marshall/home/index.html
181,nasa.gov,http://link.springer.com/article/10.1007/s11214-018-0559-5/fulltext.html,2019-01-04 14:40:57 UTC,Springer HTML,10.1007/s11214-018-0559-5,True,True,,nasa.gov,nasa,gov,grid.419657.8,Stennis Space Center,http://www.nasa.gov/centers/stennis/home/index.html
182,nasa.gov,http://link.springer.com/article/10.1007/s11214-018-0559-5/fulltext.html,2019-01-04 14:40:57 UTC,Springer HTML,10.1007/s11214-018-0559-5,True,True,,nasa.gov,nasa,gov,grid.455981.4,Armstrong Flight Research Center,http://www.nasa.gov/centers/armstrong/home/index.html
183,nasa.gov,http://link.springer.com/article/10.1007/s11214-018-0559-5/fulltext.html,2019-01-04 14:40:57 UTC,Springer HTML,10.1007/s11214-018-0559-5,True,True,,nasa.gov,nasa,gov,grid.419085.1,Johnson Space Center,http://www.nasa.gov/centers/johnson/home/index.html
184,nasa.gov,http://link.springer.com/article/10.1007/s11214-018-0559-5/fulltext.html,2019-01-04 14:40:57 UTC,Springer HTML,10.1007/s11214-018-0559-5,True,True,,nasa.gov,nasa,gov,grid.455996.2,Michoud Assembly Facility,http://www.nasa.gov/centers/marshall/michoud/index.html
185,ncl.ac.uk,https://api.elsevier.com/content/article/PII:S0925443916300023?httpAccept=text/xml,2018-12-17 16:06:12 UTC,Elsevier XML,10.1016/j.bbadis.2016.01.015,True,True,,ncl.ac.uk,ncl,ac.uk,grid.473733.7,Newcastle University Singapore,http://www.ncl.ac.uk/singapore/
186,ncl.ac.uk,https://api.elsevier.com/content/article/PII:S0925443916300023?httpAccept=text/xml,2018-12-17 16:06:12 UTC,Elsevier XML,10.1016/j.bbadis.2016.01.015,True,True,,ncl.ac.uk,ncl,ac.uk,grid.472342.4,Newcastle University Medicine Malaysia,http://www.ncl.ac.uk/numed/
187,ncl.ac.uk,https://api.elsevier.com/content/article/PII:S0925443916300023?httpAccept=text/xml,2018-12-17 16:06:12 UTC,Elsevier XML,10.1016/j.bbadis.2016.01.015,True,True,,ncl.ac.uk,ncl,ac.uk,grid.1006.7,Newcastle University,http://www.ncl.ac.uk/
188,nhs.net,https://api.elsevier.com/content/article/PII:S1424390317300686?httpAccept=text/xml,2018-12-17 16:06:12 UTC,Elsevier XML,10.1016/j.pan.2017.04.002,True,True,,,,,,,
189,nii.ac.jp,https://api.elsevier.com/content/article/PII:S0303264717300692?httpAccept=text/xml,2018-12-17 16:06:12 UTC,Elsevier XML,10.1016/j.biosystems.2017.07.007,True,True,,nii.ac.jp,nii,ac.jp,grid.250343.3,National Institute of Informatics,http://www.nii.ac.jp/en
190,nioz.nl,https://api.elsevier.com/content/article/PII:S0006320714000500?httpAccept=text/xml,2018-12-17 16:06:12 UTC,Elsevier XML,10.1016/j.biocon.2014.01.038,True,True,,,,,,,
191,northumbria.ac.uk,http://link.springer.com/article/10.1007/s00170-017-1216-y/fulltext.html,2018-12-18 08:00:29 UTC,Springer HTML,10.1007/s00170-017-1216-y,True,True,,,,,,,
192,ohsu.edu,https://api.elsevier.com/content/article/PII:S1463500315002437?httpAccept=text/xml,2018-12-17 16:06:12 UTC,Elsevier XML,10.1016/j.ocemod.2015.12.007,True,True,,ohsu.edu,ohsu,edu,grid.488511.1,Oregon Health and Science University Hospital,http://www.ohsu.edu/xd/health/ohsu-near-you/portland/marquam-hill/ohsu-hospital.cfm
193,ohsu.edu,https://api.elsevier.com/content/article/PII:S1463500315002437?httpAccept=text/xml,2018-12-17 16:06:12 UTC,Elsevier XML,10.1016/j.ocemod.2015.12.007,True,True,,ohsu.edu,ohsu,edu,grid.5288.7,Oregon Health & Science University,http://www.ohsu.edu/xd/
194,ohsu.edu,https://api.elsevier.com/content/article/PII:S1463500315002437?httpAccept=text/xml,2018-12-17 16:06:12 UTC,Elsevier XML,10.1016/j.ocemod.2015.12.007,True,True,,ohsu.edu,ohsu,edu,grid.410436.4,Oregon National Primate Research Center,http://www.ohsu.edu/xd/research/centers-institutes/onprc/
195,ohsu.edu,https://api.elsevier.com/content/article/PII:S1463500315002437?httpAccept=text/xml,2018-12-17 16:06:12 UTC,Elsevier XML,10.1016/j.ocemod.2015.12.007,True,True,,ohsu.edu,ohsu,edu,grid.414029.a,Doernbecher Children's Hospital,http://www.ohsu.edu/xd/health/services/doernbecher/index.cfm
196,ohsu.edu,https://api.elsevier.com/content/article/PII:S1463500315002437?httpAccept=text/xml,2018-12-17 16:06:12 UTC,Elsevier XML,10.1016/j.ocemod.2015.12.007,True,True,,ohsu.edu,ohsu,edu,grid.471405.3,Oregon Health & Science University School of Medicine,http://www.ohsu.edu/xd/education/schools/school-of-medicine/
197,ohsu.edu,https://api.elsevier.com/content/article/PII:S1463500315002437?httpAccept=text/xml,2018-12-17 16:06:12 UTC,Elsevier XML,10.1016/j.ocemod.2015.12.007,True,True,,ohsu.edu,ohsu,edu,grid.433851.8,Vollum Institute,http://www.ohsu.edu/xd/research/centers-institutes/vollum/
198,op.pl,https://api.elsevier.com/content/article/PII:S1357272514003173?httpAccept=text/xml,2018-12-17 16:06:12 UTC,Elsevier XML,10.1016/j.biocel.2014.10.006,False,True,more adresses,,,,,,
199,ows.be,http://link.springer.com/article/10.1007/s11367-016-1249-8/fulltext.html,2018-12-18 08:00:29 UTC,Springer HTML,10.1007/s11367-016-1249-8,True,True,,ows.be,ows,be,grid.426189.0,Organic Waste Systems (Belgium),http://www.ows.be/
200,pangaea.de,https://api.elsevier.com/content/article/PII:S0168165617315419?httpAccept=text/xml,2018-12-17 16:06:12 UTC,Elsevier XML,10.1016/j.jbiotec.2017.07.016,False,True,more adresses,,,,,,
201,pg.com, ,2018-12-16 12:29:19 UTC,PMC OAI (NIH),10.1002/cpt.1132,True,True,,pg.com,pg,com,grid.418758.7,Procter & Gamble (United States),http://www.pg.com/en_US/
202,pg.com, ,2018-12-16 12:29:19 UTC,PMC OAI (NIH),10.1002/cpt.1132,True,True,,pg.com,pg,com,grid.425582.c,Procter & Gamble (Belgium),http://www.pg.com/nl_BE/
203,pg.com, ,2018-12-16 12:29:19 UTC,PMC OAI (NIH),10.1002/cpt.1132,True,True,,pg.com,pg,com,grid.471168.d,Procter & Gamble (Germany),http://www.pg.com/de_DE/
204,psyk.uu.se, ,2018-12-16 12:29:19 UTC,PMC OAI (NIH),10.1007/s10803-016-2955-6,True,True,,,,,,,
205,research.fchampalimaud.org, ,2018-12-16 12:29:19 UTC,PMC OAI (NIH),10.1093/cercor/bhx359,False,True,second adress,research.fchampalimaud.org,fchampalimaud,org,grid.421010.6,Champalimaud Foundation,http://www.fchampalimaud.org/en/the-foundation/
206,rhul.ac.uk, ,2018-12-16 12:29:19 UTC,PMC OAI (NIH),10.1007/s00248-018-1160-x,True,True,,,,,,,
207,rmit.edu.au,https://api.elsevier.com/content/article/PII:S0168192317302496?httpAccept=text/xml,2018-12-17 16:06:12 UTC,Elsevier XML,10.1016/j.agrformet.2017.07.027,True,True,,,,,,,
208,rutgers.edu,http://link.springer.com/article/10.1007/s40258-018-0409-3/fulltext.html,2019-01-04 14:40:57 UTC,Springer HTML,10.1007/s40258-018-0409-3,True,True,,rutgers.edu,rutgers,edu,grid.430387.b,Rutgers University,http://www.rutgers.edu/
209,sapmed.ac.jp, ,2018-12-16 12:29:19 UTC,PMC OAI (NIH),10.1007/s00268-018-4519-8,True,True,,,,,,,
210,scp.nl, ,2018-12-16 12:29:19 UTC,PMC OAI (NIH),10.1007/s10680-016-9391-3,True,True,,scp.nl,scp,nl,grid.438038.4,Netherlands Institute for Social Research,http://www.scp.nl/english/
211,sete.cnrs.fr,https://api.wiley.com/onlinelibrary/tdm/v1/articles/10.1111%2F2041-210X.12807,2019-01-03 18:07:39 UTC,Wiley PDF,10.1111/2041-210x.12807,True,True,,sete.cnrs.fr,cnrs,fr,grid.457017.0,Institut national des sciences mathématiques et de leurs interactions,http://www.cnrs.fr/insmi/
212,sete.cnrs.fr,https://api.wiley.com/onlinelibrary/tdm/v1/articles/10.1111%2F2041-210X.12807,2019-01-03 18:07:39 UTC,Wiley PDF,10.1111/2041-210x.12807,True,True,,sete.cnrs.fr,cnrs,fr,grid.457030.5,Délégation Centre-Est,http://www.cnrs.fr/centre-est/
213,sete.cnrs.fr,https://api.wiley.com/onlinelibrary/tdm/v1/articles/10.1111%2F2041-210X.12807,2019-01-03 18:07:39 UTC,Wiley PDF,10.1111/2041-210x.12807,True,True,,sete.cnrs.fr,cnrs,fr,grid.4444.0,French National Centre for Scientific Research,http://www.cnrs.fr/index.php
214,sete.cnrs.fr,https://api.wiley.com/onlinelibrary/tdm/v1/articles/10.1111%2F2041-210X.12807,2019-01-03 18:07:39 UTC,Wiley PDF,10.1111/2041-210x.12807,True,True,,sete.cnrs.fr,cnrs,fr,grid.433120.7,Délégation Languedoc Roussillon,http://www.cnrs.fr/languedoc-roussillon/index.htm
215,sete.cnrs.fr,https://api.wiley.com/onlinelibrary/tdm/v1/articles/10.1111%2F2041-210X.12807,2019-01-03 18:07:39 UTC,Wiley PDF,10.1111/2041-210x.12807,True,True,,sete.cnrs.fr,cnrs,fr,grid.456999.e,Institut des Sciences Biologiques,http://www.cnrs.fr/insb/
216,sete.cnrs.fr,https://api.wiley.com/onlinelibrary/tdm/v1/articles/10.1111%2F2041-210X.12807,2019-01-03 18:07:39 UTC,Wiley PDF,10.1111/2041-210x.12807,True,True,,sete.cnrs.fr,cnrs,fr,grid.457013.4,Institut Écologie et Environnement,http://www.cnrs.fr/inee/
217,sete.cnrs.fr,https://api.wiley.com/onlinelibrary/tdm/v1/articles/10.1111%2F2041-210X.12807,2019-01-03 18:07:39 UTC,Wiley PDF,10.1111/2041-210x.12807,True,True,,sete.cnrs.fr,cnrs,fr,grid.470984.6,Direction Générale Déléguée à la Science,http://www.cnrs.fr/dgds/
218,sete.cnrs.fr,https://api.wiley.com/onlinelibrary/tdm/v1/articles/10.1111%2F2041-210X.12807,2019-01-03 18:07:39 UTC,Wiley PDF,10.1111/2041-210x.12807,True,True,,sete.cnrs.fr,cnrs,fr,grid.457015.2,Institut des sciences de l'information et de leurs interactions,http://www.cnrs.fr/ins2i/
219,sete.cnrs.fr,https://api.wiley.com/onlinelibrary/tdm/v1/articles/10.1111%2F2041-210X.12807,2019-01-03 18:07:39 UTC,Wiley PDF,10.1111/2041-210x.12807,True,True,,sete.cnrs.fr,cnrs,fr,grid.457014.3,Institut des sciences humaines et sociales,http://www.cnrs.fr/inshs/
220,sete.cnrs.fr,https://api.wiley.com/onlinelibrary/tdm/v1/articles/10.1111%2F2041-210X.12807,2019-01-03 18:07:39 UTC,Wiley PDF,10.1111/2041-210x.12807,True,True,,sete.cnrs.fr,cnrs,fr,grid.457018.f,Institut de physique,http://www.cnrs.fr/inp/
221,sete.cnrs.fr,https://api.wiley.com/onlinelibrary/tdm/v1/articles/10.1111%2F2041-210X.12807,2019-01-03 18:07:39 UTC,Wiley PDF,10.1111/2041-210x.12807,True,True,,sete.cnrs.fr,cnrs,fr,grid.457023.7,Délégation Paris Michel-Ange,http://www.cnrs.fr/paris-michel-ange/?lang=fr
222,sete.cnrs.fr,https://api.wiley.com/onlinelibrary/tdm/v1/articles/10.1111%2F2041-210X.12807,2019-01-03 18:07:39 UTC,Wiley PDF,10.1111/2041-210x.12807,True,True,,sete.cnrs.fr,cnrs,fr,grid.457024.0,Délégation Aquitaine,http://www.cnrs.fr/aquitaine/
223,sete.cnrs.fr,https://api.wiley.com/onlinelibrary/tdm/v1/articles/10.1111%2F2041-210X.12807,2019-01-03 18:07:39 UTC,Wiley PDF,10.1111/2041-210x.12807,True,True,,sete.cnrs.fr,cnrs,fr,grid.457025.1,Délégation Midi Pyrénées,http://www.cnrs.fr/midi-pyrenees/
224,sete.cnrs.fr,https://api.wiley.com/onlinelibrary/tdm/v1/articles/10.1111%2F2041-210X.12807,2019-01-03 18:07:39 UTC,Wiley PDF,10.1111/2041-210x.12807,True,True,,sete.cnrs.fr,cnrs,fr,grid.457016.1,Institut des sciences de l'ingénierie et des systèmes,http://www.cnrs.fr/insis/
225,sete.cnrs.fr,https://api.wiley.com/onlinelibrary/tdm/v1/articles/10.1111%2F2041-210X.12807,2019-01-03 18:07:39 UTC,Wiley PDF,10.1111/2041-210x.12807,True,True,,sete.cnrs.fr,cnrs,fr,grid.457012.5,Institut de chimie,http://www.cnrs.fr/inc/index.htm
226,sggw.pl, ,2018-12-16 12:29:19 UTC,PMC OAI (NIH),10.1007/s11627-016-9781-6,True,True,,sggw.pl,sggw,pl,grid.13276.31,Warsaw University of Life Sciences,http://www.sggw.pl/en/
227,skku.edu,http://pubs.acs.org/doi/pdf/10.1021/acs.iecr.7b02509,2019-01-13 12:40:30 UTC,ACS TDM,10.1021/acs.iecr.7b02509,False,True,second adress,skku.edu,skku,edu,grid.264381.a,Sungkyunkwan University,http://www.skku.edu/eng_home/index.jsp
228,snnu.edu.cn, ,2018-12-16 12:29:19 UTC,PMC OAI (NIH),10.1002/mnfr.201700134,True,True,,,,,,,
229,spi.ox.ac.uk,https://api.elsevier.com/content/article/PII:S0145213417302958?httpAccept=text/xml,2018-12-17 16:06:12 UTC,Elsevier XML,10.1016/j.chiabu.2017.08.016,False,True,more adresses,spi.ox.ac.uk,ox,ac.uk,grid.4991.5,University of Oxford,http://www.ox.ac.uk/
230,st-andrews.ac.uk,https://api.elsevier.com/content/article/PII:S0012821X15005853?httpAccept=text/xml,2018-12-17 16:06:12 UTC,Elsevier XML,10.1016/j.epsl.2015.09.018,False,True,second adress,st-andrews.ac.uk,st-andrews,ac.uk,grid.11914.3c,University of St Andrews,http://www.st-andrews.ac.uk/
231,stjude.org,https://api.elsevier.com/content/article/PII:S0969212617301314?httpAccept=text/xml,2018-12-17 16:06:12 UTC,Elsevier XML,10.1016/j.str.2017.04.013,False,True,second adress ,,,,,,
232,strath.ac.uk,http://link.springer.com/article/10.1007/s10569-017-9807-3/fulltext.html,2018-12-18 08:00:29 UTC,Springer HTML,10.1007/s10569-017-9807-3,True,True,,strath.ac.uk,strath,ac.uk,grid.11984.35,University of Strathclyde,http://www.strath.ac.uk/
233,strath.ac.uk,https://api.elsevier.com/content/article/PII:S1549963415000957?httpAccept=text/xml,2018-12-17 16:06:12 UTC,Elsevier XML,10.1016/j.nano.2015.04.006,True,True,,strath.ac.uk,strath,ac.uk,grid.11984.35,University of Strathclyde,http://www.strath.ac.uk/
234,strubi.ox.ac.uk,https://api.elsevier.com/content/article/PII:S0969212614000379?httpAccept=text/xml,2018-12-17 16:06:12 UTC,Elsevier XML,10.1016/j.str.2014.01.009,True,True,,strubi.ox.ac.uk,ox,ac.uk,grid.4991.5,University of Oxford,http://www.ox.ac.uk/
235,stu.kobe-u.ac.jp,http://stacks.iop.org/1475-7516/2016/i=04/a=035?key=crossref.3b7186a581cf9b13ee3b7d433ff9435a,2019-01-07 11:01:01 UTC,IOP TDM,10.1088/1475-7516/2016/04/035,False,True,second adress,stu.kobe-u.ac.jp,kobe-u,ac.jp,grid.31432.37,Kobe University,http://www.kobe-u.ac.jp/en/alumni/index.html
236,student.bham.ac.uk,https://api.elsevier.com/content/article/PII:S0272884218318078?httpAccept=text/xml,2018-12-17 16:06:12 UTC,Elsevier XML,10.1016/j.ceramint.2018.07.079,True,True,,,,,,,
237,su.se, ,2018-12-16 12:29:19 UTC,PMC OAI (NIH),10.1007/s00441-016-2463-1,True,True,,su.se,su,se,grid.10548.38,Stockholm University,http://www.su.se/english/
238,surg1.med.osaka-u.ac.jp,https://api.elsevier.com/content/article/PII:S1525001618303836?httpAccept=text/xml,2018-12-17 16:06:12 UTC,Elsevier XML,10.1016/j.ymthe.2018.08.012,True,True,,surg1.med.osaka-u.ac.jp,osaka-u,ac.jp,grid.136593.b,Osaka University,http://www.osaka-u.ac.jp/en
239,tin.it,https://api.elsevier.com/content/article/PII:S1547527116307548?httpAccept=text/xml,2018-12-17 16:06:12 UTC,Elsevier XML,10.1016/j.hrthm.2016.09.008,True,True,,,,,,,
240,tu-berlin.de,http://stacks.iop.org/2040-8986/19/i=6/a=064002?key=crossref.5417732c1516966a40c4991ecea0b4ed,2019-01-07 11:01:01 UTC,IOP TDM,10.1088/2040-8986/aa6380,False,True,second adress,tu-berlin.de,tu-berlin,de,grid.6734.6,Technical University of Berlin,http://www.tu-berlin.de/
241,tue.nl, ,2018-12-16 12:29:19 UTC,PMC OAI (NIH),10.1002/anie.201805632,True,True,,tue.nl,tue,nl,grid.6852.9,Eindhoven University of Technology,http://www.tue.nl/
242,tuhh.de,https://api.elsevier.com/content/article/PII:S0022509615300995?httpAccept=text/xml,2018-12-17 16:06:12 UTC,Elsevier XML,10.1016/j.jmps.2016.02.018,True,True,,tuhh.de,tuhh,de,grid.6884.2,Hamburg University of Technology,http://www.tuhh.de/
243,ubc.ca,https://api.elsevier.com/content/article/PII:S0034425718303572?httpAccept=text/xml,2018-12-17 16:06:12 UTC,Elsevier XML,10.1016/j.rse.2018.07.024,True,True,,,,,,,
244,ubc.ca,https://api.elsevier.com/content/article/PII:S0006320716305328?httpAccept=text/xml,2018-12-17 16:06:12 UTC,Elsevier XML,10.1016/j.biocon.2016.10.006,False,True,more adresses,,,,,,
245,ucar.edu,https://api.wiley.com/onlinelibrary/tdm/v1/articles/10.1002%2F2016GL071892,2019-01-14 09:48:52 UTC,Wiley PDF,10.1002/2016gl071892,True,True,,,,,,,
246,ucc.ie, ,2018-12-16 12:29:19 UTC,PMC OAI (NIH),10.1007/s11051-016-3683-8,False,True,more adresses,ucc.ie,ucc,ie,grid.7872.a,University College Cork,http://www.ucc.ie/en/
247,ucdenver.edu,http://link.springer.com/article/10.1007/s10393-018-1351-4/fulltext.html,2019-01-04 14:40:57 UTC,Springer HTML,10.1007/s10393-018-1351-4,True,True,,ucdenver.edu,ucdenver,edu,grid.241116.1,University of Colorado Denver,http://www.ucdenver.edu/pages/ucdwelcomepage.aspx
248,ucdenver.edu,http://link.springer.com/article/10.1007/s10393-018-1351-4/fulltext.html,2019-01-04 14:40:57 UTC,Springer HTML,10.1007/s10393-018-1351-4,True,True,,ucdenver.edu,ucdenver,edu,grid.414594.9,Colorado School of Public Health,http://www.ucdenver.edu/academics/colleges/PublicHealth/Pages/default.aspx
249,ucdenver.edu,http://link.springer.com/article/10.1007/s10393-018-1351-4/fulltext.html,2019-01-04 14:40:57 UTC,Springer HTML,10.1007/s10393-018-1351-4,True,True,,ucdenver.edu,ucdenver,edu,grid.430503.1,University of Colorado Anschutz Medical Campus,http://www.ucdenver.edu/anschutz/Pages/landing.aspx
250,ucdenver.edu,http://link.springer.com/article/10.1007/s10393-018-1351-4/fulltext.html,2019-01-04 14:40:57 UTC,Springer HTML,10.1007/s10393-018-1351-4,True,True,,ucdenver.edu,ucdenver,edu,grid.499234.1,University of Colorado Cancer Center,http://www.ucdenver.edu/academics/colleges/medicalschool/centers/cancercenter/Pages/CancerCenter.aspx
251,uclouvain.be,https://api.elsevier.com/content/article/PII:S0959804914002536?httpAccept=text/xml,2018-12-17 16:06:12 UTC,Elsevier XML,10.1016/j.ejca.2014.03.010,True,True,,uclouvain.be,uclouvain,be,grid.7942.8,Université Catholique de Louvain,http://www.uclouvain.be/en-index.html
252,udel.edu,https://api.elsevier.com/content/article/PII:S0306261917312035?httpAccept=text/xml,2018-12-17 16:06:12 UTC,Elsevier XML,10.1016/j.apenergy.2017.08.178,False,True,more adresses,udel.edu,udel,edu,grid.33489.35,University of Delaware,http://www.udel.edu/
253,uhn.ca,http://stacks.iop.org/1741-2552/15/i=4/a=046034?key=crossref.a5e82637df2db30331cd72adb40421fd,2019-01-07 11:01:01 UTC,IOP TDM,10.1088/1741-2552/aacb96,True,True,,uhn.ca,uhn,ca,grid.231844.8,University Health Network,http://www.uhn.ca/
254,uhn.ca,http://stacks.iop.org/1741-2552/15/i=4/a=046034?key=crossref.a5e82637df2db30331cd72adb40421fd,2019-01-07 11:01:01 UTC,IOP TDM,10.1088/1741-2552/aacb96,True,True,,uhn.ca,uhn,ca,grid.415224.4,Princess Margaret Cancer Centre,http://www.uhn.ca/PrincessMargaret
255,uhn.ca,http://stacks.iop.org/1741-2552/15/i=4/a=046034?key=crossref.a5e82637df2db30331cd72adb40421fd,2019-01-07 11:01:01 UTC,IOP TDM,10.1088/1741-2552/aacb96,True,True,,uhn.ca,uhn,ca,grid.417184.f,Toronto General Hospital,http://www.uhn.ca/corporate/AboutUHN/OurHospitals/TGH
256,uhn.ca,http://stacks.iop.org/1741-2552/15/i=4/a=046034?key=crossref.a5e82637df2db30331cd72adb40421fd,2019-01-07 11:01:01 UTC,IOP TDM,10.1088/1741-2552/aacb96,True,True,,uhn.ca,uhn,ca,grid.417188.3,Toronto Western Hospital,http://www.uhn.ca/corporate/AboutUHN/OurHospitals/TWH
257,uic.edu,https://api.elsevier.com/content/article/PII:S0300957213003420?httpAccept=text/xml,2018-12-17 16:06:12 UTC,Elsevier XML,10.1016/j.resuscitation.2013.06.019,False,True,second adress,uic.edu,uic,edu,grid.185648.6,University of Illinois at Chicago,http://www.uic.edu/uic/
258,umcg.nl, ,2018-12-16 12:29:19 UTC,PMC OAI (NIH),10.1002/term.2213,True,True,,umcg.nl,umcg,nl,grid.4494.d,University Medical Center Groningen,http://www.umcg.nl/EN
259,umd.edu,https://api.elsevier.com/content/article/PII:S1742706115302646?httpAccept=text/xml,2018-12-17 16:06:12 UTC,Elsevier XML,10.1016/j.actbio.2015.12.026,True,True,,umd.edu,umd,edu,grid.164295.d,"University of Maryland, College Park",http://www.umd.edu/
260,uml.edu,https://api.elsevier.com/content/article/PII:S0306261915016785?httpAccept=text/xml,2018-12-17 16:06:12 UTC,Elsevier XML,10.1016/j.apenergy.2015.12.105,True,True,,uml.edu,uml,edu,grid.225262.3,University of Massachusetts Lowell,http://www.uml.edu/
261,umu.se, ,2018-12-16 12:29:19 UTC,PMC OAI (NIH),10.1007/s11192-016-2097-9,False,True,second adress,umu.se,umu,se,grid.12650.30,Umeå University,http://www.umu.se/english
262,uni-graz.at,https://api.elsevier.com/content/article/PII:S0959652617307370?httpAccept=text/xml,2018-12-17 16:06:12 UTC,Elsevier XML,10.1016/j.jclepro.2017.04.030,False,True,more adresses,,,,,,
263,uni-hamburg.de, ,2018-12-16 12:29:19 UTC,PMC OAI (NIH),10.1007/s13280-016-0766-9,True,True,,uni-hamburg.de,uni-hamburg,de,grid.9026.d,University of Hamburg,http://www.uni-hamburg.de/
264,uni-koeln.de, ,2018-12-16 12:29:19 UTC,PMC OAI (NIH),10.1042/bst20170265,True,True,,,,,,,
265,unich.it,https://api.elsevier.com/content/article/PII:S0168365918301378?httpAccept=text/xml,2018-12-17 16:06:12 UTC,Elsevier XML,10.1016/j.jconrel.2018.03.016,True,True,,unich.it,unich,it,grid.412451.7,University of Chieti-Pescara,http://www.unich.it/
266,unige.ch,http://harvest.aps.org/v2/journals/articles/10.1103/PhysRevA.87.061801/fulltext,2019-01-12 15:15:16 UTC,APS TDM,10.1103/physreva.87.061801,False,True,second adress,unige.ch,unige,ch,grid.8591.5,University of Geneva,http://www.unige.ch/international/index_en.html
267,unimelb.edu.au,https://api.elsevier.com/content/article/PII:S0301051118303776?httpAccept=text/xml,2018-12-17 16:06:12 UTC,Elsevier XML,10.1016/j.biopsycho.2018.09.002,True,True,,unimelb.edu.au,unimelb,edu.au,grid.1008.9,University of Melbourne,http://www.unimelb.edu.au/
268,univie.ac.at, ,2018-12-16 12:29:19 UTC,PMC OAI (NIH),10.1021/acsnano.6b08287,True,True,,,,,,,
269,usal.es,https://api.elsevier.com/content/article/PII:S0091674918303051?httpAccept=text/xml,2018-12-17 16:06:12 UTC,Elsevier XML,10.1016/j.jaci.2018.02.017,True,True,,usal.es,usal,es,grid.11762.33,University of Salamanca,http://www.usal.es/webusal/en
270,utoronto.ca,https://api.elsevier.com/content/article/PII:S1386505617304252?httpAccept=text/xml,2018-12-17 16:06:12 UTC,Elsevier XML,10.1016/j.ijmedinf.2017.11.011,False,True,"one author, several adresses",utoronto.ca,utoronto,ca,grid.17063.33,University of Toronto,http://www.utoronto.ca/
271,utu.fi,https://api.elsevier.com/content/article/PII:S0022399917300612?httpAccept=text/xml,2018-12-17 16:06:12 UTC,Elsevier XML,10.1016/j.jpsychores.2017.07.003,True,True,,utu.fi,utu,fi,grid.1374.1,University of Turku,http://www.utu.fi/en/Pages/home.aspx
272,uva.nl, ,2018-12-16 12:29:19 UTC,PMC OAI (NIH),10.3758/s13428-018-1046-3,True,True,,uva.nl,uva,nl,grid.7177.6,University of Amsterdam,http://www.uva.nl/en/home
273,uva.nl,http://link.springer.com/article/10.1007/s11005-016-0928-5/fulltext.html,2018-12-18 08:00:29 UTC,Springer HTML,10.1007/s11005-016-0928-5,True,True,,uva.nl,uva,nl,grid.7177.6,University of Amsterdam,http://www.uva.nl/en/home
274,uzh.ch,https://api.elsevier.com/content/article/PII:S0094576514001799?httpAccept=text/xml,2018-12-17 16:06:12 UTC,Elsevier XML,10.1016/j.actaastro.2014.05.019,False,True,"one author, several adresses",uzh.ch,uzh,ch,grid.7400.3,University of Zurich,http://www.uzh.ch/index_en.html
275,vgregion.se, ,2018-12-16 12:29:19 UTC,PMC OAI (NIH),10.1007/s00266-016-0684-z,True,True,,vgregion.se,vgregion,se,grid.413652.7,Kärnsjukhuset i Skövde,http://www.vgregion.se/skas
276,vgregion.se, ,2018-12-16 12:29:19 UTC,PMC OAI (NIH),10.1007/s00266-016-0684-z,True,True,,vgregion.se,vgregion,se,grid.416029.8,Skaraborg Hospital,http://www.vgregion.se/skas
277,vgregion.se, ,2018-12-16 12:29:19 UTC,PMC OAI (NIH),10.1007/s00266-016-0684-z,True,True,,vgregion.se,vgregion,se,grid.452005.6,Västra Götaland Regional Council,http://www.vgregion.se/en/Vastra-Gotalandsregionen/Home/
278,vgregion.se, ,2018-12-16 12:29:19 UTC,PMC OAI (NIH),10.1007/s00266-016-0684-z,True,True,,vgregion.se,vgregion,se,grid.466872.9,Kungälvs sjukhus,http://www.vgregion.se/sv/Kungalvs-sjukhus/Kungalvs-sjukhus1/
279,vgregion.se, ,2018-12-16 12:29:19 UTC,PMC OAI (NIH),10.1007/s00266-016-0684-z,True,True,,vgregion.se,vgregion,se,grid.468026.e,Södra Älvsborg Hospital,http://www.vgregion.se/en/sas/English/Sodra-Alvsborg-Hospital/
280,vgregion.se, ,2018-12-16 12:29:19 UTC,PMC OAI (NIH),10.1007/s00266-016-0684-z,True,True,,vgregion.se,vgregion,se,grid.415366.3,Folktandvården Kyrkbyn,http://www.vgregion.se/en/folktandvarden/Folktandvarden-Vastra-Gotaland/
281,vumc.nl, ,2018-12-16 12:29:19 UTC,PMC OAI (NIH),10.1007/s00520-016-3148-8,False,True,more adresses,vumc.nl,vumc,nl,grid.16872.3a,VU University Medical Center,http://www.vumc.nl/
282,wa.amu.edu.pl, ,2018-12-16 12:29:19 UTC,PMC OAI (NIH),10.1007/s10936-017-9552-5,True,True,,,,,,,
283,who-umc.org, ,2018-12-16 12:29:19 UTC,PMC OAI (NIH),10.1007/s40264-016-0456-3,True,True,,who-umc.org,who-umc,org,grid.420224.2,Uppsala Monitoring Centre,http://www.who-umc.org/
284,wip.pcz.pl,http://link.springer.com/article/10.1007/s12598-017-0917-6/fulltext.html,2018-12-18 08:00:29 UTC,Springer HTML,10.1007/s12598-017-0917-6,True,True,,wip.pcz.pl,pcz,pl,grid.34197.38,Częstochowa University of Technology,http://www.pcz.pl/english/
285,wip.pcz.pl,http://link.springer.com/article/10.1007/s10909-016-1571-3/fulltext.html,2018-12-18 08:00:29 UTC,Springer HTML,10.1007/s10909-016-1571-3,True,True,,wip.pcz.pl,pcz,pl,grid.34197.38,Częstochowa University of Technology,http://www.pcz.pl/english/
286,wp.pl,http://link.springer.com/article/10.1007/s00190-018-1216-1/fulltext.html,2018-12-18 08:00:29 UTC,Springer HTML,10.1007/s00190-018-1216-1,True,True,,,,,,,
287,wur.nl,https://api.elsevier.com/content/article/PII:S0043135418304846?httpAccept=text/xml,2018-12-17 16:06:12 UTC,Elsevier XML,10.1016/j.watres.2018.06.034,True,True,,,,,,,
288,xmu.edu.cn,http://link.springer.com/article/10.1007/s10936-018-9575-6/fulltext.html,2019-01-04 14:40:57 UTC,Springer HTML,10.1007/s10936-018-9575-6,True,True,,,,,,,
289,yahoo.co.jp, ,2018-12-16 12:29:19 UTC,PMC OAI (NIH),10.1002/bjs.10412,True,True,,,,,,,
290,yahoo.com,https://api.elsevier.com/content/article/PII:S0960076016301029?httpAccept=text/xml,2018-12-17 16:06:12 UTC,Elsevier XML,10.1016/j.jsbmb.2016.04.006,False,True,more adresses,,,,,,
291,yahoo.com, ,2018-12-16 12:29:19 UTC,PMC OAI (NIH),10.1007/s40264-017-0505-6,True,True,,,,,,,
292,yale.edu,https://api.elsevier.com/content/article/PII:S0960982218309199?httpAccept=text/xml,2018-12-17 16:06:12 UTC,Elsevier XML,10.1016/j.cub.2018.07.020,False,True,more adresses,,,,,,
293,yokohama-cu.ac.jp,https://api.elsevier.com/content/article/PII:S1368837518300472?httpAccept=text/xml,2018-12-17 16:06:12 UTC,Elsevier XML,10.1016/j.oraloncology.2018.02.002,True,True,,yokohama-cu.ac.jp,yokohama-cu,ac.jp,grid.268441.d,Yokohama City University,http://www.yokohama-cu.ac.jp/index-e.html
294,yokohama-cu.ac.jp,https://api.elsevier.com/content/article/PII:S1368837518300472?httpAccept=text/xml,2018-12-17 16:06:12 UTC,Elsevier XML,10.1016/j.oraloncology.2018.02.002,True,True,,yokohama-cu.ac.jp,yokohama-cu,ac.jp,grid.413045.7,Yokohama City University Medical Center,http://www.yokohama-cu.ac.jp/urahp/
295,yokohama-cu.ac.jp,https://api.elsevier.com/content/article/PII:S1368837518300472?httpAccept=text/xml,2018-12-17 16:06:12 UTC,Elsevier XML,10.1016/j.oraloncology.2018.02.002,True,True,,yokohama-cu.ac.jp,yokohama-cu,ac.jp,grid.470126.6,Yokohama City University Hospital,http://www.yokohama-cu.ac.jp/fukuhp/
296,yokohama-cu.ac.jp,https://api.elsevier.com/content/article/PII:S1368837518300472?httpAccept=text/xml,2018-12-17 16:06:12 UTC,Elsevier XML,10.1016/j.oraloncology.2018.02.002,True,True,,yokohama-cu.ac.jp,yokohama-cu,ac.jp,grid.471657.6,Kihara Institute for Biological Research,http://www.yokohama-cu.ac.jp/kihara/
297,zoetis.com,https://api.elsevier.com/content/article/PII:S0165242713002948?httpAccept=text/xml,2018-12-17 16:06:12 UTC,Elsevier XML,10.1016/j.vetimm.2013.10.017,True,True,,,,,,,
