,email,tdm_url,time_stamp,mine_method,doi,recall,precision,comment,mail_host,grid_id,name,link,subdomain,domain,suffix,host,relationship_type,related_grid_id
0, ,http://harvest.aps.org/v2/journals/articles/10.1103/PhysRevD.98.056014/fulltext,2019-01-12 15:15:16 UTC,APS TDM,10.1103/physrevd.98.056014,True,True,,.,,,,,,,,,
1, ,http://harvest.aps.org/v2/journals/articles/10.1103/PhysRevD.98.092005/fulltext,2019-01-12 15:15:16 UTC,APS TDM,10.1103/physrevd.98.092005,True,True,,.,,,,,,,,,
2, ,http://harvest.aps.org/v2/journals/articles/10.1103/PhysRevD.91.119901/fulltext,2019-01-12 15:15:16 UTC,APS TDM,10.1103/physrevd.91.119901,True,True,,.,,,,,,,,,
3, ,http://pubs.acs.org/doi/pdf/10.1021/acsnano.5b06216,2019-01-13 12:40:30 UTC,ACS TDM,10.1021/acsnano.5b06216,True,True,,.,,,,,,,,,
4, ,https://api.elsevier.com/content/article/PII:S0032063316301623?httpAccept=text/xml,2018-12-17 16:06:12 UTC,Elsevier XML,10.1016/j.pss.2016.11.007,True,True,,.,,,,,,,,,
5,126.com,https://api.elsevier.com/content/article/PII:S0022510X16305731?httpAccept=text/xml,2018-12-17 16:06:12 UTC,Elsevier XML,10.1016/j.jns.2016.09.024,True,True,,126.com,,,,,,,,,
6,Outlook.com,http://link.springer.com/article/10.1007/s12035-018-1131-8/fulltext.html,2019-01-04 14:40:57 UTC,Springer HTML,10.1007/s12035-018-1131-8,False,True,second adress,Outlook.com,,,,,,,,,
7,aau.in, ,2018-12-16 12:29:19 UTC,PMC OAI (NIH),10.1007/s13205-015-0351-0,False,True,more adresses,aau.in,grid.411373.3,Anand Agricultural University,http://www.aau.in/,www,aau,in,aau.in,,
8,adm.cgmh.org.tw, ,2018-12-16 12:29:19 UTC,PMC OAI (NIH),10.1007/s12032-018-1181-9,True,True,,cgmh.org.tw,grid.454209.e,Keelung Chang Gung Memorial Hospital,https://www.cgmh.org.tw/branch/branch_kel.htm,www,cgmh,org.tw,cgmh.org.tw,,
9,adm.cgmh.org.tw, ,2018-12-16 12:29:19 UTC,PMC OAI (NIH),10.1007/s12032-018-1181-9,True,True,,cgmh.org.tw,grid.454210.6,Taoyuan Chang Gung Memorial Hospital,https://www.cgmh.org.tw/branch/branch_hel.htm,www,cgmh,org.tw,cgmh.org.tw,,
10,adm.cgmh.org.tw, ,2018-12-16 12:29:19 UTC,PMC OAI (NIH),10.1007/s12032-018-1181-9,True,True,,cgmh.org.tw,grid.454211.7,Linkou Chang Gung Memorial Hospital,http://www1.cgmh.org.tw/branch/lnk/e/index.aspx,www1,cgmh,org.tw,cgmh.org.tw,,
11,adm.cgmh.org.tw, ,2018-12-16 12:29:19 UTC,PMC OAI (NIH),10.1007/s12032-018-1181-9,True,True,,cgmh.org.tw,grid.454212.4,Chiayi Chang Gung Memorial Hospital,https://www.cgmh.org.tw/branch/branch_jia.htm,www,cgmh,org.tw,cgmh.org.tw,,
12,adm.cgmh.org.tw, ,2018-12-16 12:29:19 UTC,PMC OAI (NIH),10.1007/s12032-018-1181-9,True,True,,cgmh.org.tw,grid.413801.f,Chang Gung Memorial Hospital,https://www.cgmh.org.tw/branch/branch_tpe.htm,www,cgmh,org.tw,cgmh.org.tw,,
13,adm.cgmh.org.tw, ,2018-12-16 12:29:19 UTC,PMC OAI (NIH),10.1007/s12032-018-1181-9,True,True,,cgmh.org.tw,grid.413798.0,Chang Gung Children's Hospital,https://www.cgmh.org.tw/eng2002/intr_chd.htm,www,cgmh,org.tw,cgmh.org.tw,,
14,adm.cgmh.org.tw, ,2018-12-16 12:29:19 UTC,PMC OAI (NIH),10.1007/s12032-018-1181-9,True,True,,cgmh.org.tw,grid.413804.a,Kaohsiung Chang Gung Memorial Hospital,https://www.cgmh.org.tw/eng2002/intr_shk.htm,www,cgmh,org.tw,cgmh.org.tw,,
15,agh.edu.pl,http://link.springer.com/article/10.1007/s11784-016-0288-x/fulltext.html,2018-12-18 08:00:29 UTC,Springer HTML,10.1007/s11784-016-0288-x,True,True,,agh.edu.pl,grid.9922.0,AGH University of Science and Technology,http://www.agh.edu.pl/en,www,agh,edu.pl,agh.edu.pl,,
16,amc.nl, ,2018-12-16 12:29:19 UTC,PMC OAI (NIH),10.1007/s00464-015-4694-8,True,True,,amc.nl,grid.5650.6,Academic Medical Center,https://www.amc.nl/web/Zorg.htm,www,amc,nl,amc.nl,,
17,amc.uva.nl, ,2018-12-16 12:29:19 UTC,PMC OAI (NIH),10.1007/s00167-016-4062-9,True,True,,uva.nl,grid.450166.0,Nederlands Instituut voor Wetenschappelijke Informatiediensten,http://cf.hum.uva.nl/nhl/bizon/niwi.htm,cf.hum,uva,nl,uva.nl,,
18,amc.uva.nl, ,2018-12-16 12:29:19 UTC,PMC OAI (NIH),10.1007/s00167-016-4062-9,True,True,,uva.nl,grid.7177.6,University of Amsterdam,http://www.uva.nl/en/home,www,uva,nl,uva.nl,,
19,amc.uva.nl,https://api.wiley.com/onlinelibrary/tdm/v1/articles/10.1111%2Fadd.14500,2019-01-14 09:48:52 UTC,Wiley PDF,10.1111/add.14500,True,True,,uva.nl,grid.450166.0,Nederlands Instituut voor Wetenschappelijke Informatiediensten,http://cf.hum.uva.nl/nhl/bizon/niwi.htm,cf.hum,uva,nl,uva.nl,,
20,amc.uva.nl,https://api.wiley.com/onlinelibrary/tdm/v1/articles/10.1111%2Fadd.14500,2019-01-14 09:48:52 UTC,Wiley PDF,10.1111/add.14500,True,True,,uva.nl,grid.7177.6,University of Amsterdam,http://www.uva.nl/en/home,www,uva,nl,uva.nl,,
21,amc.uva.nl,http://link.springer.com/article/10.1007/s11764-018-0690-z/fulltext.html,2019-01-04 14:40:57 UTC,Springer HTML,10.1007/s11764-018-0690-z,True,True,,uva.nl,grid.450166.0,Nederlands Instituut voor Wetenschappelijke Informatiediensten,http://cf.hum.uva.nl/nhl/bizon/niwi.htm,cf.hum,uva,nl,uva.nl,,
22,amc.uva.nl,http://link.springer.com/article/10.1007/s11764-018-0690-z/fulltext.html,2019-01-04 14:40:57 UTC,Springer HTML,10.1007/s11764-018-0690-z,True,True,,uva.nl,grid.7177.6,University of Amsterdam,http://www.uva.nl/en/home,www,uva,nl,uva.nl,,
23,amu.edu.pl,http://link.springer.com/article/10.1007/s00340-016-6429-5/fulltext.html,2018-12-18 08:00:29 UTC,Springer HTML,10.1007/s00340-016-6429-5,True,True,,amu.edu.pl,grid.5633.3,Adam Mickiewicz University in Poznań,http://amu.edu.pl/,,amu,edu.pl,amu.edu.pl,,
24,aok.pte.hu,https://api.wiley.com/onlinelibrary/tdm/v1/articles/10.1002%2Felps.201800378,2019-01-03 18:07:39 UTC,Wiley PDF,10.1002/elps.201800378,True,True,,pte.hu,grid.9679.1,University of Pecs,http://pte.hu/english,,pte,hu,pte.hu,,
25,astrazeneca.com, ,2018-12-16 12:29:19 UTC,PMC OAI (NIH),10.1107/s2059798316004502,False,True,more adresses,astrazeneca.com,,,,,,,,,
26,bartshealth.nhs.uk, ,2018-12-16 12:29:19 UTC,PMC OAI (NIH),10.1007/s00441-017-2576-1,False,True,more adresses,bartshealth.nhs.uk,grid.139534.9,Barts Health NHS Trust,http://www.bartshealth.nhs.uk/,www,bartshealth,nhs.uk,bartshealth.nhs.uk,,
27,bath.ac.uk,https://api.elsevier.com/content/article/PII:S0926337315000624?httpAccept=text/xml,2018-12-17 16:06:12 UTC,Elsevier XML,10.1016/j.apcatb.2015.02.011,True,True,,bath.ac.uk,grid.7340.0,University of Bath,http://www.bath.ac.uk/,www,bath,ac.uk,bath.ac.uk,,
28,bayer.com, ,2018-12-16 12:29:19 UTC,PMC OAI (NIH),10.1007/s40262-016-0492-2,True,True,,bayer.com,,,,,,,,,
29,bc3research.org,https://api.elsevier.com/content/article/PII:S1462901117309978?httpAccept=text/xml,2018-12-17 16:06:12 UTC,Elsevier XML,10.1016/j.envsci.2018.01.017,False,True,more adresses,bc3research.org,grid.423984.0,Basque Centre for Climate Change,http://www.bc3research.org/,www,bc3research,org,bc3research.org,,
30,bham.ac.uk,https://api.elsevier.com/content/article/PII:S0895435613000723?httpAccept=text/xml,2018-12-17 16:06:12 UTC,Elsevier XML,10.1016/j.jclinepi.2012.12.017,True,True,,bham.ac.uk,,,,,,,,,
31,bham.ac.uk,https://api.elsevier.com/content/article/PII:S0168851017301987?httpAccept=text/xml,2018-12-17 16:06:12 UTC,Elsevier XML,10.1016/j.healthpol.2017.07.009,False,True,more adresses,bham.ac.uk,,,,,,,,,
32,biofilm.montana.edu, ,2018-12-16 12:29:19 UTC,PMC OAI (NIH),10.1007/s00253-017-8724-4,True,True,,montana.edu,grid.460394.c,Montana State University System,http://www.montana.edu/about/system.html,www,montana,edu,montana.edu,,
33,bris.ac.uk,http://link.springer.com/article/10.1007/s10649-018-9815-6/fulltext.html,2018-12-18 08:00:29 UTC,Springer HTML,10.1007/s10649-018-9815-6,True,True,,bris.ac.uk,,,,,,,,,
34,brown.edu,https://api.elsevier.com/content/article/PII:S1053811915009490?httpAccept=text/xml,2018-12-17 16:06:12 UTC,Elsevier XML,10.1016/j.neuroimage.2015.10.038,True,True,,brown.edu,grid.40263.33,Brown University,http://www.brown.edu/,www,brown,edu,brown.edu,,
35,brown.edu,https://api.elsevier.com/content/article/PII:S1053811915009490?httpAccept=text/xml,2018-12-17 16:06:12 UTC,Elsevier XML,10.1016/j.neuroimage.2015.10.038,True,True,,brown.edu,grid.447155.6,John Carter Brown Library,https://www.brown.edu/academics/libraries/john-carter-brown/,www,brown,edu,brown.edu,,
36,bruker.com,http://link.springer.com/article/10.1007/s11837-018-2752-0/fulltext.html,2018-12-18 08:00:29 UTC,Springer HTML,10.1007/s11837-018-2752-0,True,True,,bruker.com,grid.423270.0,Bruker (United States),https://www.bruker.com/,www,bruker,com,bruker.com,,
37,brunel.ac.uk,https://api.elsevier.com/content/article/PII:S0028393214000943?httpAccept=text/xml,2018-12-17 16:06:12 UTC,Elsevier XML,10.1016/j.neuropsychologia.2014.03.009,True,True,,brunel.ac.uk,grid.7728.a,Brunel University London,http://www.brunel.ac.uk/,www,brunel,ac.uk,brunel.ac.uk,,
38,bsi.ru.nl, ,2018-12-16 12:29:19 UTC,PMC OAI (NIH),10.1007/s00213-016-4332-8,True,True,,ru.nl,grid.5590.9,Radboud University Nijmegen,http://www.ru.nl/english/,www,ru,nl,ru.nl,,
39,caas.cn, ,2018-12-16 12:29:19 UTC,PMC OAI (NIH),10.1093/jxb/erx382,True,True,,caas.cn,,,,,,,,,
40,cam.ac.uk,http://link.springer.com/article/10.1007/s10708-016-9719-x/fulltext.html,2018-12-18 08:00:29 UTC,Springer HTML,10.1007/s10708-016-9719-x,True,True,,cam.ac.uk,grid.423328.c,Cambridge Crystallographic Data Centre,http://www.ccdc.cam.ac.uk/,www.ccdc,cam,ac.uk,cam.ac.uk,,
41,cam.ac.uk,https://api.elsevier.com/content/article/PII:S1550413118301311?httpAccept=text/xml,2018-12-17 16:06:12 UTC,Elsevier XML,10.1016/j.cmet.2018.02.020,True,True,,cam.ac.uk,grid.423328.c,Cambridge Crystallographic Data Centre,http://www.ccdc.cam.ac.uk/,www.ccdc,cam,ac.uk,cam.ac.uk,,
42,cam.ac.uk,http://link.springer.com/article/10.1007/s10708-016-9719-x/fulltext.html,2018-12-18 08:00:29 UTC,Springer HTML,10.1007/s10708-016-9719-x,True,True,,cam.ac.uk,grid.457394.8,Darwin College,https://www.darwin.cam.ac.uk/,www.darwin,cam,ac.uk,cam.ac.uk,,
43,cam.ac.uk,http://link.springer.com/article/10.1007/s10708-016-9719-x/fulltext.html,2018-12-18 08:00:29 UTC,Springer HTML,10.1007/s10708-016-9719-x,True,True,,cam.ac.uk,grid.479143.c,Faraday Institute for Science and Religion,https://www.faraday.st-edmunds.cam.ac.uk/,www.faraday.st-edmunds,cam,ac.uk,cam.ac.uk,,
44,cam.ac.uk,http://link.springer.com/article/10.1007/s10708-016-9719-x/fulltext.html,2018-12-18 08:00:29 UTC,Springer HTML,10.1007/s10708-016-9719-x,True,True,,cam.ac.uk,grid.497053.c,Woolf Institute,http://www.woolf.cam.ac.uk/,www.woolf,cam,ac.uk,cam.ac.uk,,
45,cam.ac.uk,https://api.elsevier.com/content/article/PII:S1550413118301311?httpAccept=text/xml,2018-12-17 16:06:12 UTC,Elsevier XML,10.1016/j.cmet.2018.02.020,True,True,,cam.ac.uk,grid.457394.8,Darwin College,https://www.darwin.cam.ac.uk/,www.darwin,cam,ac.uk,cam.ac.uk,,
46,cam.ac.uk,https://api.elsevier.com/content/article/PII:S1550413118301311?httpAccept=text/xml,2018-12-17 16:06:12 UTC,Elsevier XML,10.1016/j.cmet.2018.02.020,True,True,,cam.ac.uk,grid.479143.c,Faraday Institute for Science and Religion,https://www.faraday.st-edmunds.cam.ac.uk/,www.faraday.st-edmunds,cam,ac.uk,cam.ac.uk,,
47,cam.ac.uk,https://api.elsevier.com/content/article/PII:S1550413118301311?httpAccept=text/xml,2018-12-17 16:06:12 UTC,Elsevier XML,10.1016/j.cmet.2018.02.020,True,True,,cam.ac.uk,grid.483803.4,Isaac Newton Trust,http://www.newtontrust.cam.ac.uk/,www.newtontrust,cam,ac.uk,cam.ac.uk,,
48,cam.ac.uk,http://link.springer.com/article/10.1007/s10708-016-9719-x/fulltext.html,2018-12-18 08:00:29 UTC,Springer HTML,10.1007/s10708-016-9719-x,True,True,,cam.ac.uk,grid.5335.0,University of Cambridge,http://www.cam.ac.uk/,www,cam,ac.uk,cam.ac.uk,,
49,cam.ac.uk,http://link.springer.com/article/10.1007/s10708-016-9719-x/fulltext.html,2018-12-18 08:00:29 UTC,Springer HTML,10.1007/s10708-016-9719-x,True,True,,cam.ac.uk,grid.483803.4,Isaac Newton Trust,http://www.newtontrust.cam.ac.uk/,www.newtontrust,cam,ac.uk,cam.ac.uk,,
50,cam.ac.uk,http://link.springer.com/article/10.1007/s12520-018-0694-7/fulltext.html,2018-12-18 08:00:29 UTC,Springer HTML,10.1007/s12520-018-0694-7,True,True,,cam.ac.uk,grid.479143.c,Faraday Institute for Science and Religion,https://www.faraday.st-edmunds.cam.ac.uk/,www.faraday.st-edmunds,cam,ac.uk,cam.ac.uk,,
51,cam.ac.uk,https://api.elsevier.com/content/article/PII:S1550413118301311?httpAccept=text/xml,2018-12-17 16:06:12 UTC,Elsevier XML,10.1016/j.cmet.2018.02.020,True,True,,cam.ac.uk,grid.5335.0,University of Cambridge,http://www.cam.ac.uk/,www,cam,ac.uk,cam.ac.uk,,
52,cam.ac.uk,http://link.springer.com/article/10.1007/s12520-018-0694-7/fulltext.html,2018-12-18 08:00:29 UTC,Springer HTML,10.1007/s12520-018-0694-7,True,True,,cam.ac.uk,grid.457394.8,Darwin College,https://www.darwin.cam.ac.uk/,www.darwin,cam,ac.uk,cam.ac.uk,,
53,cam.ac.uk,http://link.springer.com/article/10.1007/s12520-018-0694-7/fulltext.html,2018-12-18 08:00:29 UTC,Springer HTML,10.1007/s12520-018-0694-7,True,True,,cam.ac.uk,grid.483803.4,Isaac Newton Trust,http://www.newtontrust.cam.ac.uk/,www.newtontrust,cam,ac.uk,cam.ac.uk,,
54,cam.ac.uk,http://link.springer.com/article/10.1007/s12520-018-0694-7/fulltext.html,2018-12-18 08:00:29 UTC,Springer HTML,10.1007/s12520-018-0694-7,True,True,,cam.ac.uk,grid.5335.0,University of Cambridge,http://www.cam.ac.uk/,www,cam,ac.uk,cam.ac.uk,,
55,cam.ac.uk,http://link.springer.com/article/10.1007/s12520-018-0694-7/fulltext.html,2018-12-18 08:00:29 UTC,Springer HTML,10.1007/s12520-018-0694-7,True,True,,cam.ac.uk,grid.497053.c,Woolf Institute,http://www.woolf.cam.ac.uk/,www.woolf,cam,ac.uk,cam.ac.uk,,
56,cam.ac.uk,https://api.elsevier.com/content/article/PII:S1550413118301311?httpAccept=text/xml,2018-12-17 16:06:12 UTC,Elsevier XML,10.1016/j.cmet.2018.02.020,True,True,,cam.ac.uk,grid.497053.c,Woolf Institute,http://www.woolf.cam.ac.uk/,www.woolf,cam,ac.uk,cam.ac.uk,,
57,cam.ac.uk,http://link.springer.com/article/10.1007/s12520-018-0694-7/fulltext.html,2018-12-18 08:00:29 UTC,Springer HTML,10.1007/s12520-018-0694-7,True,True,,cam.ac.uk,grid.423328.c,Cambridge Crystallographic Data Centre,http://www.ccdc.cam.ac.uk/,www.ccdc,cam,ac.uk,cam.ac.uk,,
58,cardiff.ac.uk, ,2018-12-16 12:29:19 UTC,PMC OAI (NIH),10.1007/s12031-018-1083-5,True,True,,cardiff.ac.uk,grid.5600.3,Cardiff University,http://www.cardiff.ac.uk/,www,cardiff,ac.uk,cardiff.ac.uk,,
59,cardiov.ox.ac.uk, ,2018-12-16 12:29:19 UTC,PMC OAI (NIH),10.1002/mrm.26213,True,True,,ox.ac.uk,grid.467568.e,Rhodes Trust,http://www.rhodeshouse.ox.ac.uk/,www.rhodeshouse,ox,ac.uk,ox.ac.uk,,
60,cardiov.ox.ac.uk, ,2018-12-16 12:29:19 UTC,PMC OAI (NIH),10.1002/mrm.26213,True,True,,ox.ac.uk,grid.500580.8,Museum of the History of Science,http://www.mhs.ox.ac.uk/,www.mhs,ox,ac.uk,ox.ac.uk,,
61,cardiov.ox.ac.uk, ,2018-12-16 12:29:19 UTC,PMC OAI (NIH),10.1002/mrm.26213,True,True,,ox.ac.uk,grid.4991.5,University of Oxford,http://www.ox.ac.uk/,www,ox,ac.uk,ox.ac.uk,,
62,cdc.gov,https://api.elsevier.com/content/article/PII:S0749379715005164?httpAccept=text/xml,2018-12-17 16:06:12 UTC,Elsevier XML,10.1016/j.amepre.2015.08.026,True,True,,cdc.gov,,,,,,,,,
63,cern.ch,https://api.wiley.com/onlinelibrary/tdm/v1/articles/10.1002%2Ftea.21442,2019-01-03 18:07:39 UTC,Wiley PDF,10.1002/tea.21442,True,True,,cern.ch,grid.9132.9,European Organization for Nuclear Research,http://home.web.cern.ch/,home.web,cern,ch,cern.ch,,
64,cicy.mx,https://api.elsevier.com/content/article/PII:S1055790317308709?httpAccept=text/xml,2018-12-17 16:06:12 UTC,Elsevier XML,10.1016/j.ympev.2018.04.032,True,True,,cicy.mx,,,,,,,,,
65,cms.caltech.edu,http://link.springer.com/article/10.1186/s40687-017-0113-1/fulltext.html,2018-12-18 08:00:29 UTC,Springer HTML,10.1186/s40687-017-0113-1,True,True,,caltech.edu,grid.20861.3d,California Institute of Technology,http://www.caltech.edu/,www,caltech,edu,caltech.edu,,
66,cos.uni-heidelberg.de,https://api.elsevier.com/content/article/PII:S1369526614001447?httpAccept=text/xml,2018-12-17 16:06:12 UTC,Elsevier XML,10.1016/j.pbi.2014.10.010,True,True,,uni-heidelberg.de,grid.7700.0,Heidelberg University,http://www.uni-heidelberg.de/index_e.html,www,uni-heidelberg,de,uni-heidelberg.de,,
67,cos.uni-heidelberg.de,https://api.elsevier.com/content/article/PII:S1369526614001447?httpAccept=text/xml,2018-12-17 16:06:12 UTC,Elsevier XML,10.1016/j.pbi.2014.10.010,True,True,,uni-heidelberg.de,grid.461593.c,Heidelberg Academy of Sciences and Humanities,http://www.haw.uni-heidelberg.de/,www.haw,uni-heidelberg,de,uni-heidelberg.de,,
68,cos.uni-heidelberg.de,https://api.elsevier.com/content/article/PII:S1369526614001447?httpAccept=text/xml,2018-12-17 16:06:12 UTC,Elsevier XML,10.1016/j.pbi.2014.10.010,True,True,,uni-heidelberg.de,grid.5253.1,University Hospital Heidelberg,https://www.klinikum.uni-heidelberg.de/Startseite.2.0.html?&no_cache=1,www.klinikum,uni-heidelberg,de,uni-heidelberg.de,,
69,cox.net, ,2018-12-16 12:29:19 UTC,PMC OAI (NIH),10.1007/s13752-016-0244-4,True,True,,cox.net,,,,,,,,,
70,cp3-origins.net,http://harvest.aps.org/v2/journals/articles/10.1103/PhysRevD.96.075040/fulltext,2019-01-12 15:15:16 UTC,APS TDM,10.1103/physrevd.96.075040,False,True,more adresses,cp3-origins.net,,,,,,,,,
71,crc.jussieu.fr,https://api.elsevier.com/content/article/PII:S0014482715301038?httpAccept=text/xml,2018-12-17 16:06:12 UTC,Elsevier XML,10.1016/j.yexcr.2015.09.018,True,True,,jussieu.fr,,,,,,,,,
72,crt-dresden.de,https://api.elsevier.com/content/article/PII:S1534580716307511?httpAccept=text/xml,2018-12-17 16:06:12 UTC,Elsevier XML,10.1016/j.devcel.2016.10.013,False,True,second adress,crt-dresden.de,,,,,,,,,
73,cuhk.edu.hk, ,2018-12-16 12:29:19 UTC,PMC OAI (NIH),10.1007/s11892-016-0821-8,True,True,,cuhk.edu.hk,grid.10784.3a,Chinese University of Hong Kong,http://www.cuhk.edu.hk/english/index.html,www,cuhk,edu.hk,cuhk.edu.hk,,
74,duke-nus.edu.sg,https://api.elsevier.com/content/article/PII:S1053811917301040?httpAccept=text/xml,2018-12-17 16:06:12 UTC,Elsevier XML,10.1016/j.neuroimage.2017.01.080,True,True,,duke-nus.edu.sg,grid.428397.3,Duke NUS Graduate Medical School,https://www.duke-nus.edu.sg/,www,duke-nus,edu.sg,duke-nus.edu.sg,,
75,duke.edu, ,2018-12-16 12:29:19 UTC,PMC OAI (NIH),10.1093/infdis/jiy008,True,True,,duke.edu,grid.26009.3d,Duke University,http://www.duke.edu/,www,duke,edu,duke.edu,,
76,durham.ac.uk,https://api.elsevier.com/content/article/PII:S0305440313001362?httpAccept=text/xml,2018-12-17 16:06:12 UTC,Elsevier XML,10.1016/j.jas.2013.04.012,False,True,more adresses,durham.ac.uk,,,,,,,,,
77,dwc.doshisha.ac.jp,https://api.elsevier.com/content/article/PII:S1083879116302245?httpAccept=text/xml,2018-12-17 16:06:12 UTC,Elsevier XML,10.1016/j.bbmt.2016.07.008,True,True,,doshisha.ac.jp,grid.471492.d,Doshisha Kaori Junior and Senior High School,http://www.kori.doshisha.ac.jp/english,www.kori,doshisha,ac.jp,doshisha.ac.jp,,
78,dwc.doshisha.ac.jp,https://api.elsevier.com/content/article/PII:S1083879116302245?httpAccept=text/xml,2018-12-17 16:06:12 UTC,Elsevier XML,10.1016/j.bbmt.2016.07.008,True,True,,doshisha.ac.jp,grid.471485.b,Doshisha International Junior and Senior High School,http://www.intnl.doshisha.ac.jp/,www.intnl,doshisha,ac.jp,doshisha.ac.jp,,
79,dwc.doshisha.ac.jp,https://api.elsevier.com/content/article/PII:S1083879116302245?httpAccept=text/xml,2018-12-17 16:06:12 UTC,Elsevier XML,10.1016/j.bbmt.2016.07.008,True,True,,doshisha.ac.jp,grid.255178.c,Doshisha University,https://www.doshisha.ac.jp/en/,www,doshisha,ac.jp,doshisha.ac.jp,,
80,ebc.uu.se,https://api.elsevier.com/content/article/PII:S0960982215004005?httpAccept=text/xml,2018-12-17 16:06:12 UTC,Elsevier XML,10.1016/j.cub.2015.03.047,True,True,,uu.se,grid.451863.d,Nordic Africa Institute,http://www.nai.uu.se/,www.nai,uu,se,uu.se,,
81,ebc.uu.se,https://api.elsevier.com/content/article/PII:S0960982215004005?httpAccept=text/xml,2018-12-17 16:06:12 UTC,Elsevier XML,10.1016/j.cub.2015.03.047,True,True,,uu.se,grid.8993.b,Uppsala University,https://www.uu.se/en/,www,uu,se,uu.se,,
82,ec.europa.eu,http://link.springer.com/article/10.1007/s11187-018-0017-5/fulltext.html,2018-12-18 08:00:29 UTC,Springer HTML,10.1007/s11187-018-0017-5,True,True,,europa.eu,grid.494126.c,European Union Agency for Law Enforcement Cooperation,https://www.europol.europa.eu/,www.europol,europa,eu,europa.eu,,
83,ec.europa.eu,http://link.springer.com/article/10.1007/s11187-018-0017-5/fulltext.html,2018-12-18 08:00:29 UTC,Springer HTML,10.1007/s11187-018-0017-5,True,True,,europa.eu,grid.453396.e,European Union,http://europa.eu/index_en.htm,,europa,eu,europa.eu,,
84,ec.europa.eu,http://link.springer.com/article/10.1007/s11187-018-0017-5/fulltext.html,2018-12-18 08:00:29 UTC,Springer HTML,10.1007/s11187-018-0017-5,True,True,,europa.eu,grid.454805.8,Fuel Cells and Hydrogen,http://www.fch.europa.eu/,www.fch,europa,eu,europa.eu,,
85,ec.europa.eu,http://link.springer.com/article/10.1007/s11187-018-0017-5/fulltext.html,2018-12-18 08:00:29 UTC,Springer HTML,10.1007/s11187-018-0017-5,True,True,,europa.eu,grid.454814.8,Innovative Medicines Initiative,http://www.imi.europa.eu/,www.imi,europa,eu,europa.eu,,
86,ec.europa.eu,http://link.springer.com/article/10.1007/s11187-018-0017-5/fulltext.html,2018-12-18 08:00:29 UTC,Springer HTML,10.1007/s11187-018-0017-5,True,True,,europa.eu,grid.468131.9,Community Research and Development Information Service,http://cordis.europa.eu/home_en.html,cordis,europa,eu,europa.eu,,
87,ec.europa.eu,http://link.springer.com/article/10.1007/s11187-018-0017-5/fulltext.html,2018-12-18 08:00:29 UTC,Springer HTML,10.1007/s11187-018-0017-5,True,True,,europa.eu,grid.483440.f,European Food Safety Authority,http://www.efsa.europa.eu/,www.efsa,europa,eu,europa.eu,,
88,ecust.edu.cn,http://pubs.acs.org/doi/pdf/10.1021/acs.jmedchem.5b01984,2019-01-13 12:40:30 UTC,ACS TDM,10.1021/acs.jmedchem.5b01984,False,True,second adress,ecust.edu.cn,grid.28056.39,East China University of Science and Technology,http://www.ecust.edu.cn/s/2/t/209/main.htm,www,ecust,edu.cn,ecust.edu.cn,,
89,ed.ac.uk,https://api.elsevier.com/content/article/PII:S0167587718302435?httpAccept=text/xml,2018-12-17 16:06:12 UTC,Elsevier XML,10.1016/j.prevetmed.2018.09.010,False,True,second adress,ed.ac.uk,grid.498015.1,Edinburgh Genomics,http://genomics.ed.ac.uk/,genomics,ed,ac.uk,ed.ac.uk,,
90,ed.ac.uk,https://api.elsevier.com/content/article/PII:S0167587718302435?httpAccept=text/xml,2018-12-17 16:06:12 UTC,Elsevier XML,10.1016/j.prevetmed.2018.09.010,False,True,second adress,ed.ac.uk,grid.415241.7,Princess Margaret Rose Orthopaedic Hospital,http://www.lhsa.lib.ed.ac.uk/exhibits/hosp_hist/pmr.htm,www.lhsa.lib,ed,ac.uk,ed.ac.uk,,
91,ed.ac.uk,https://api.elsevier.com/content/article/PII:S0167587718302435?httpAccept=text/xml,2018-12-17 16:06:12 UTC,Elsevier XML,10.1016/j.prevetmed.2018.09.010,False,True,second adress,ed.ac.uk,grid.4305.2,University of Edinburgh,http://www.ed.ac.uk/home,www,ed,ac.uk,ed.ac.uk,,
92,ed.ac.uk,https://api.elsevier.com/content/article/PII:S0167587718302435?httpAccept=text/xml,2018-12-17 16:06:12 UTC,Elsevier XML,10.1016/j.prevetmed.2018.09.010,False,True,second adress,ed.ac.uk,grid.452306.6,"Centre for Immunity, Infection and Evolution",http://ciie.bio.ed.ac.uk/,ciie.bio,ed,ac.uk,ed.ac.uk,,
93,email.arizona.edu,https://api.elsevier.com/content/article/PII:S0306452218300770?httpAccept=text/xml,2018-12-17 16:06:12 UTC,Elsevier XML,10.1016/j.neuroscience.2018.01.047,True,True,,arizona.edu,,,,,,,,,
94,emr.ac.uk,https://api.wiley.com/onlinelibrary/tdm/v1/articles/10.1111%2Fnph.15182,2019-01-03 18:07:39 UTC,Wiley PDF,10.1111/nph.15182,True,True,,emr.ac.uk,grid.420822.e,East Malling Research (United Kingdom),http://www.emr.ac.uk/,www,emr,ac.uk,emr.ac.uk,,
95,epfl.ch,https://api.elsevier.com/content/article/PII:S0097849316300218?httpAccept=text/xml,2018-12-17 16:06:12 UTC,Elsevier XML,10.1016/j.cag.2016.03.008,True,True,,epfl.ch,grid.5333.6,École Polytechnique Fédérale de Lausanne,http://www.epfl.ch/index.en.html,www,epfl,ch,epfl.ch,,
96,erasmusmc.nl,https://api.elsevier.com/content/article/PII:S0928098717300490?httpAccept=text/xml,2018-12-17 16:06:12 UTC,Elsevier XML,10.1016/j.ejps.2017.01.025,True,True,,erasmusmc.nl,grid.5645.2,Erasmus University Medical Center,http://www.erasmusmc.nl/,www,erasmusmc,nl,erasmusmc.nl,,
97,exeter.ac.uk,https://api.elsevier.com/content/article/PII:S0029801817302433?httpAccept=text/xml,2018-12-17 16:06:12 UTC,Elsevier XML,10.1016/j.oceaneng.2017.04.049,True,True,,exeter.ac.uk,grid.8391.3,University of Exeter,http://www.exeter.ac.uk/,www,exeter,ac.uk,exeter.ac.uk,,
98,exponent.com,https://api.elsevier.com/content/article/PII:S089062381730103X?httpAccept=text/xml,2018-12-17 16:06:12 UTC,Elsevier XML,10.1016/j.reprotox.2017.05.012,True,True,,exponent.com,grid.418983.f,Exponent (United States),http://www.exponent.com/,www,exponent,com,exponent.com,,
99,fsw.leidenuniv.nl,http://link.springer.com/article/10.3758/s13423-018-1432-y/fulltext.html,2019-01-04 14:40:57 UTC,Springer HTML,10.3758/s13423-018-1432-y,True,True,,leidenuniv.nl,,,,,,,,,
100,fz-juelich.de,https://api.elsevier.com/content/article/PII:S0168900217308392?httpAccept=text/xml,2018-12-17 16:06:12 UTC,Elsevier XML,10.1016/j.nima.2017.07.064,True,True,,fz-juelich.de,,,,,,,,,
101,fz-juelich.de,https://api.wiley.com/onlinelibrary/tdm/v1/articles/10.1002%2Fadfm.201702282,2019-01-03 18:07:39 UTC,Wiley PDF,10.1002/adfm.201702282,False,True,second adress,fz-juelich.de,,,,,,,,,
102,gic.se, ,2018-12-16 12:29:19 UTC,PMC OAI (NIH),10.1007/s13181-016-0584-2,True,True,,gic.se,,,,,,,,,
103,glasgow.ac.uk, ,2018-12-16 12:29:19 UTC,PMC OAI (NIH),10.1042/bcj20170184,True,True,,glasgow.ac.uk,,,,,,,,,
104,gmail.com,http://link.springer.com/article/10.1007/s11009-016-9530-7/fulltext.html,2018-12-18 08:00:29 UTC,Springer HTML,10.1007/s11009-016-9530-7,True,True,,gmail.com,,,,,,,,,
105,gmail.com,http://link.springer.com/article/10.1007/s13146-017-0399-5/fulltext.html,2018-12-18 08:00:29 UTC,Springer HTML,10.1007/s13146-017-0399-5,True,True,,gmail.com,,,,,,,,,
106,gmail.com,https://www.tandfonline.com/doi/pdf/10.1080/08941920.2018.1505012,2019-01-12 15:11:32 UTC,Informa TDM,10.1080/08941920.2018.1505012,True,True,,gmail.com,,,,,,,,,
107,gmail.com, ,2018-12-16 12:29:19 UTC,PMC OAI (NIH),10.1007/s13205-016-0586-4,False,True,second adress,gmail.com,,,,,,,,,
108,gmail.com,http://link.springer.com/article/10.1007/s11625-018-0636-4/fulltext.html,2018-12-18 08:00:29 UTC,Springer HTML,10.1007/s11625-018-0636-4,True,True,,gmail.com,,,,,,,,,
109,gmail.com,http://link.springer.com/article/10.1007/s40072-018-0113-1/fulltext.html,2018-12-18 08:00:29 UTC,Springer HTML,10.1007/s40072-018-0113-1,True,True,,gmail.com,,,,,,,,,
110,gmail.com,http://link.springer.com/article/10.1007/s11368-016-1599-7/fulltext.html,2018-12-18 08:00:29 UTC,Springer HTML,10.1007/s11368-016-1599-7,True,True,,gmail.com,,,,,,,,,
111,gmail.com,https://api.elsevier.com/content/article/PII:S0378779615000693?httpAccept=text/xml,2018-12-17 16:06:12 UTC,Elsevier XML,10.1016/j.epsr.2015.03.009,False,True,second adress,gmail.com,,,,,,,,,
112,greenwich.ac.uk,https://api.elsevier.com/content/article/PII:S0981942816301917?httpAccept=text/xml,2018-12-17 16:06:12 UTC,Elsevier XML,10.1016/j.plaphy.2016.05.021,True,True,,greenwich.ac.uk,,,,,,,,,
113,hc-sc.gc.ca, ,2018-12-16 12:29:19 UTC,PMC OAI (NIH),10.1007/s00204-016-1891-8,True,True,,hc-sc.gc.ca,grid.57544.37,Health Canada,http://www.hc-sc.gc.ca/index-eng.php,www,hc-sc,gc.ca,hc-sc.gc.ca,,
114,helsinki.fi,http://link.springer.com/article/10.1007/s00181-018-1582-9/fulltext.html,2018-12-18 08:00:29 UTC,Springer HTML,10.1007/s00181-018-1582-9,True,True,,helsinki.fi,grid.7737.4,University of Helsinki,https://university.helsinki.fi/en,university,helsinki,fi,helsinki.fi,,
115,hotmail.com,https://api.elsevier.com/content/article/PII:S0360319918312680?httpAccept=text/xml,2018-12-17 16:06:12 UTC,Elsevier XML,10.1016/j.ijhydene.2018.04.111,True,True,,hotmail.com,,,,,,,,,
116,houstonmethodist.org, ,2018-12-16 12:29:19 UTC,PMC OAI (NIH),10.1007/s11605-017-3379-0,True,True,,houstonmethodist.org,grid.490196.3,Houston Methodist Sugar Land Hospital,http://www.houstonmethodist.org/locations/sugar-land/,www,houstonmethodist,org,houstonmethodist.org,,
117,houstonmethodist.org,https://api.elsevier.com/content/article/PII:S0161642017317840?httpAccept=text/xml,2018-12-17 16:06:12 UTC,Elsevier XML,10.1016/j.ophtha.2017.09.001,True,True,,houstonmethodist.org,grid.490196.3,Houston Methodist Sugar Land Hospital,http://www.houstonmethodist.org/locations/sugar-land/,www,houstonmethodist,org,houstonmethodist.org,,
118,houstonmethodist.org,https://api.elsevier.com/content/article/PII:S0161642017317840?httpAccept=text/xml,2018-12-17 16:06:12 UTC,Elsevier XML,10.1016/j.ophtha.2017.09.001,True,True,,houstonmethodist.org,grid.415073.4,San Jacinto Methodist Hospital,http://www.houstonmethodist.org/locations/san-jacinto-baytown/,www,houstonmethodist,org,houstonmethodist.org,,
119,houstonmethodist.org,https://api.elsevier.com/content/article/PII:S0161642017317840?httpAccept=text/xml,2018-12-17 16:06:12 UTC,Elsevier XML,10.1016/j.ophtha.2017.09.001,True,True,,houstonmethodist.org,grid.63368.38,Houston Methodist,http://www.houstonmethodist.org/?sl=general&gclid=COK5taLm4cYCFUvItAodWqcNSQ,www,houstonmethodist,org,houstonmethodist.org,,
120,houstonmethodist.org, ,2018-12-16 12:29:19 UTC,PMC OAI (NIH),10.1007/s11605-017-3379-0,True,True,,houstonmethodist.org,grid.63368.38,Houston Methodist,http://www.houstonmethodist.org/?sl=general&gclid=COK5taLm4cYCFUvItAodWqcNSQ,www,houstonmethodist,org,houstonmethodist.org,,
121,houstonmethodist.org, ,2018-12-16 12:29:19 UTC,PMC OAI (NIH),10.1007/s11605-017-3379-0,True,True,,houstonmethodist.org,grid.415073.4,San Jacinto Methodist Hospital,http://www.houstonmethodist.org/locations/san-jacinto-baytown/,www,houstonmethodist,org,houstonmethodist.org,,
122,hsph.harvard.edu,https://api.elsevier.com/content/article/PII:S0749379716303129?httpAccept=text/xml,2018-12-17 16:06:12 UTC,Elsevier XML,10.1016/j.amepre.2016.08.006,True,True,,harvard.edu,grid.419291.6,Rowland Institute at Harvard,http://www2.rowland.harvard.edu/,www2.rowland,harvard,edu,harvard.edu,,
123,hsph.harvard.edu,https://api.elsevier.com/content/article/PII:S0749379716303129?httpAccept=text/xml,2018-12-17 16:06:12 UTC,Elsevier XML,10.1016/j.amepre.2016.08.006,True,True,,harvard.edu,grid.280934.4,Judge Baker Children's Center,http://jbcc.harvard.edu/,jbcc,harvard,edu,harvard.edu,,
124,hsph.harvard.edu,https://api.elsevier.com/content/article/PII:S0749379716303129?httpAccept=text/xml,2018-12-17 16:06:12 UTC,Elsevier XML,10.1016/j.amepre.2016.08.006,True,True,,harvard.edu,grid.477947.e,Dana Farber Harvard Cancer Center,http://www.dfhcc.harvard.edu/,www.dfhcc,harvard,edu,harvard.edu,,
125,hsph.harvard.edu,https://api.elsevier.com/content/article/PII:S0749379716303129?httpAccept=text/xml,2018-12-17 16:06:12 UTC,Elsevier XML,10.1016/j.amepre.2016.08.006,True,True,,harvard.edu,grid.38142.3c,Harvard University,http://www.harvard.edu/,www,harvard,edu,harvard.edu,,
126,hsph.harvard.edu,https://api.elsevier.com/content/article/PII:S0749379716303129?httpAccept=text/xml,2018-12-17 16:06:12 UTC,Elsevier XML,10.1016/j.amepre.2016.08.006,True,True,,harvard.edu,grid.452581.f,Harvard NeuroDiscovery Center,http://neurodiscovery.harvard.edu/,neurodiscovery,harvard,edu,harvard.edu,,
127,hsph.harvard.edu, ,2018-12-16 12:29:19 UTC,PMC OAI (NIH),10.1093/cid/ciy097,True,True,,harvard.edu,grid.38142.3c,Harvard University,http://www.harvard.edu/,www,harvard,edu,harvard.edu,,
128,hsph.harvard.edu, ,2018-12-16 12:29:19 UTC,PMC OAI (NIH),10.1093/cid/ciy097,True,True,,harvard.edu,grid.419291.6,Rowland Institute at Harvard,http://www2.rowland.harvard.edu/,www2.rowland,harvard,edu,harvard.edu,,
129,hsph.harvard.edu, ,2018-12-16 12:29:19 UTC,PMC OAI (NIH),10.1093/cid/ciy097,True,True,,harvard.edu,grid.280934.4,Judge Baker Children's Center,http://jbcc.harvard.edu/,jbcc,harvard,edu,harvard.edu,,
130,hsph.harvard.edu, ,2018-12-16 12:29:19 UTC,PMC OAI (NIH),10.1093/cid/ciy097,True,True,,harvard.edu,grid.477947.e,Dana Farber Harvard Cancer Center,http://www.dfhcc.harvard.edu/,www.dfhcc,harvard,edu,harvard.edu,,
131,hsph.harvard.edu, ,2018-12-16 12:29:19 UTC,PMC OAI (NIH),10.1093/cid/ciy097,True,True,,harvard.edu,grid.452581.f,Harvard NeuroDiscovery Center,http://neurodiscovery.harvard.edu/,neurodiscovery,harvard,edu,harvard.edu,,
132,hw.ac.uk,http://link.springer.com/article/10.1007/s10236-016-0958-7/fulltext.html,2018-12-18 08:00:29 UTC,Springer HTML,10.1007/s10236-016-0958-7,True,True,,hw.ac.uk,grid.472615.3,Heriot-Watt University,https://www.hw.ac.uk/malaysia/,www,hw,ac.uk,hw.ac.uk,,
133,hw.ac.uk,http://link.springer.com/article/10.1007/s10236-016-0958-7/fulltext.html,2018-12-18 08:00:29 UTC,Springer HTML,10.1007/s10236-016-0958-7,True,True,,hw.ac.uk,grid.9531.e,Heriot-Watt University,http://www.hw.ac.uk/,www,hw,ac.uk,hw.ac.uk,,
134,i-med.ac.at, ,2018-12-16 12:29:19 UTC,PMC OAI (NIH),10.1007/s40134-017-0256-2,False,True,more adresses,i-med.ac.at,grid.410706.4,University Hospital Innsbruck,https://www.i-med.ac.at/patienten/index.html.en,www,i-med,ac.at,i-med.ac.at,,
135,i-med.ac.at, ,2018-12-16 12:29:19 UTC,PMC OAI (NIH),10.1007/s40134-017-0256-2,False,True,more adresses,i-med.ac.at,grid.5361.1,Innsbruck Medical University,https://www.i-med.ac.at/mypoint/,www,i-med,ac.at,i-med.ac.at,,
136,icddrb.org,https://api.elsevier.com/content/article/PII:S1473309918301087?httpAccept=text/xml,2018-12-17 16:06:12 UTC,Elsevier XML,10.1016/s1473-3099(18)30108-7,True,True,,icddrb.org,grid.414142.6,International Centre for Diarrhoeal Disease Research,http://www.icddrb.org/,www,icddrb,org,icddrb.org,,
137,icloud.com,https://www.tandfonline.com/doi/pdf/10.1080/09654313.2018.1425376,2019-01-12 15:11:32 UTC,Informa TDM,10.1080/09654313.2018.1425376,True,True,,icloud.com,,,,,,,,,
138,icr.ac.uk,https://api.elsevier.com/content/article/PII:S0959437X14001464?httpAccept=text/xml,2018-12-17 16:06:12 UTC,Elsevier XML,10.1016/j.gde.2014.12.001,True,True,,icr.ac.uk,,,,,,,,,
139,ifom.eu,https://api.elsevier.com/content/article/PII:S1568786414002195?httpAccept=text/xml,2018-12-17 16:06:12 UTC,Elsevier XML,10.1016/j.dnarep.2014.08.003,False,True,more adresses,ifom.eu,grid.7678.e,FIRC Institute of Molecular Oncology,https://www.ifom.eu/en/oncology-institute/ifom-firc.php,www,ifom,eu,ifom.eu,,
140,iiphg.org,https://api.elsevier.com/content/article/PII:S003335061500270X?httpAccept=text/xml,2018-12-17 16:06:12 UTC,Elsevier XML,10.1016/j.puhe.2015.07.010,True,True,,iiphg.org,,,,,,,,,
141,imbe.fr,https://api.wiley.com/onlinelibrary/tdm/v1/articles/10.1111%2Fnph.15502,2019-01-03 18:07:39 UTC,Wiley PDF,10.1111/nph.15502,True,True,,imbe.fr,,,,,,,,,
142,imdik.pan.pl,https://api.wiley.com/onlinelibrary/tdm/v1/articles/10.1111%2Fsms.12687,2019-01-03 18:07:39 UTC,Wiley PDF,10.1111/sms.12687,True,True,,pan.pl,grid.413454.3,Polish Academy of Sciences,http://www.english.pan.pl/,www.english,pan,pl,pan.pl,,
143,imn.gliwice.pl,http://link.springer.com/article/10.1007/s11664-018-6811-7/fulltext.html,2019-01-04 14:40:57 UTC,Springer HTML,10.1007/s11664-018-6811-7,True,True,,gliwice.pl,grid.425049.e,Institute of Non-Ferrous Metals,http://www.imn.gliwice.pl/,www.imn,gliwice,pl,gliwice.pl,,
144,imn.gliwice.pl,http://link.springer.com/article/10.1007/s11664-018-6811-7/fulltext.html,2019-01-04 14:40:57 UTC,Springer HTML,10.1007/s11664-018-6811-7,True,True,,gliwice.pl,grid.499058.9,Proen (Poland),http://proen.gliwice.pl/,proen,gliwice,pl,gliwice.pl,,
145,imn.gliwice.pl,http://link.springer.com/article/10.1007/s11664-018-6811-7/fulltext.html,2019-01-04 14:40:57 UTC,Springer HTML,10.1007/s11664-018-6811-7,True,True,,gliwice.pl,grid.460563.2,Ośrodek Badawczo-Rozwojowy Urządzeń Mechanicznych (Poland),http://www.obrum.gliwice.pl/,www.obrum,gliwice,pl,gliwice.pl,,
146,imn.gliwice.pl,http://link.springer.com/article/10.1007/s11664-018-6811-7/fulltext.html,2019-01-04 14:40:57 UTC,Springer HTML,10.1007/s11664-018-6811-7,True,True,,gliwice.pl,grid.425105.7,Instytut Spawalnictwa,http://www.is.gliwice.pl/,www.is,gliwice,pl,gliwice.pl,,
147,imperial.ac.uk,https://api.elsevier.com/content/article/PII:S0959440X1400075X?httpAccept=text/xml,2018-12-17 16:06:12 UTC,Elsevier XML,10.1016/j.sbi.2014.07.003,True,True,,imperial.ac.uk,,,,,,,,,
148,imperial.ac.uk, ,2018-12-16 12:29:19 UTC,PMC OAI (NIH),10.1093/brain/awx354,True,True,,imperial.ac.uk,,,,,,,,,
149,indiana.edu,https://api.elsevier.com/content/article/PII:S1053811917306912?httpAccept=text/xml,2018-12-17 16:06:12 UTC,Elsevier XML,10.1016/j.neuroimage.2017.08.044,True,True,,indiana.edu,,,,,,,,,
150,ing.uc3m.es, ,2018-12-16 12:29:19 UTC,PMC OAI (NIH),10.1007/s10494-017-9869-z,True,True,,uc3m.es,grid.7840.b,Carlos III University of Madrid,http://www.uc3m.es/Home,www,uc3m,es,uc3m.es,,
151,inrca.it,https://api.elsevier.com/content/article/PII:S0168851017302063?httpAccept=text/xml,2018-12-17 16:06:12 UTC,Elsevier XML,10.1016/j.healthpol.2017.08.006,True,True,,inrca.it,,,,,,,,,
152,jaredreser.com,https://api.elsevier.com/content/article/PII:S0306987716305801?httpAccept=text/xml,2018-12-17 16:06:12 UTC,Elsevier XML,10.1016/j.mehy.2016.12.005,True,True,,jaredreser.com,,,,,,,,,
153,juntendo.ac.jp,https://api.wiley.com/onlinelibrary/tdm/v1/articles/10.1111%2Fdom.13593,2019-01-14 09:48:52 UTC,Wiley PDF,10.1111/dom.13593,True,True,,juntendo.ac.jp,grid.258269.2,Juntendo University,http://www.juntendo.ac.jp/english/,www,juntendo,ac.jp,juntendo.ac.jp,,
154,juntendo.ac.jp,https://api.wiley.com/onlinelibrary/tdm/v1/articles/10.1111%2Fdom.13593,2019-01-14 09:48:52 UTC,Wiley PDF,10.1111/dom.13593,True,True,,juntendo.ac.jp,grid.411966.d,Juntendo University Hospital,http://www.juntendo.ac.jp/hospital/global/english/,www,juntendo,ac.jp,juntendo.ac.jp,,
155,juntendo.ac.jp,https://api.wiley.com/onlinelibrary/tdm/v1/articles/10.1111%2Fdom.13593,2019-01-14 09:48:52 UTC,Wiley PDF,10.1111/dom.13593,True,True,,juntendo.ac.jp,grid.482667.9,Juntendo University Shizuoka Hospital,http://www.hosp-shizuoka.juntendo.ac.jp/,www.hosp-shizuoka,juntendo,ac.jp,juntendo.ac.jp,,
156,juntendo.ac.jp,https://api.wiley.com/onlinelibrary/tdm/v1/articles/10.1111%2Fdom.13593,2019-01-14 09:48:52 UTC,Wiley PDF,10.1111/dom.13593,True,True,,juntendo.ac.jp,grid.482668.6,Juntendo University Nerima Hospital,http://www.juntendo.ac.jp/hospital_nerima/about/info/,www,juntendo,ac.jp,juntendo.ac.jp,,
157,juntendo.ac.jp,https://api.wiley.com/onlinelibrary/tdm/v1/articles/10.1111%2Fdom.13593,2019-01-14 09:48:52 UTC,Wiley PDF,10.1111/dom.13593,True,True,,juntendo.ac.jp,grid.482669.7,Juntendo University Urayasu Hospital,http://www.hosp-urayasu.juntendo.ac.jp/,www.hosp-urayasu,juntendo,ac.jp,juntendo.ac.jp,,
158,jyu.fi,http://link.springer.com/article/10.1007/s40520-018-1074-y/fulltext.html,2019-01-04 14:40:57 UTC,Springer HTML,10.1007/s40520-018-1074-y,True,True,,jyu.fi,grid.419101.c,Research Institute for Olympic Sports,http://www.kihu.jyu.fi/english/,www.kihu,jyu,fi,jyu.fi,,
159,jyu.fi,http://link.springer.com/article/10.1007/s40520-018-1074-y/fulltext.html,2019-01-04 14:40:57 UTC,Springer HTML,10.1007/s40520-018-1074-y,True,True,,jyu.fi,grid.9681.6,University of Jyväskylä,https://www.jyu.fi/en/,www,jyu,fi,jyu.fi,,
160,kaust.edu.sa,http://stacks.iop.org/2053-1583/1/i=3/a=034001?key=crossref.0569a88dfb376568e675805a3d3d065a,2019-01-07 11:01:01 UTC,IOP TDM,10.1088/2053-1583/1/3/034001,True,True,,kaust.edu.sa,grid.45672.32,King Abdullah University of Science and Technology,http://www.kaust.edu.sa/,www,kaust,edu.sa,kaust.edu.sa,,
161,ki.se, ,2018-12-16 12:29:19 UTC,PMC OAI (NIH),10.1017/s0033291718000375,True,True,,ki.se,grid.465198.7,Karolinska Institutet Innovations (Sweden),http://karolinskainnovations.ki.se/,karolinskainnovations,ki,se,ki.se,,
162,ki.se, ,2018-12-16 12:29:19 UTC,PMC OAI (NIH),10.1017/s0033291718000375,True,True,,ki.se,grid.4714.6,Karolinska Institute,http://ki.se/en/startpage,,ki,se,ki.se,,
163,kuleuven.be,https://api.elsevier.com/content/article/PII:S0305750X18300871?httpAccept=text/xml,2018-12-17 16:06:12 UTC,Elsevier XML,10.1016/j.worlddev.2018.03.006,False,True,more adresses,kuleuven.be,grid.5596.f,KU Leuven,http://www.kuleuven.be/english,www,kuleuven,be,kuleuven.be,,
164,kuleuven.be,https://api.elsevier.com/content/article/PII:S0305750X18300871?httpAccept=text/xml,2018-12-17 16:06:12 UTC,Elsevier XML,10.1016/j.worlddev.2018.03.006,False,True,more adresses,kuleuven.be,grid.415751.3,Rega Institute for Medical Research,http://rega.kuleuven.be/,rega,kuleuven,be,kuleuven.be,,
165,lanl.gov,http://harvest.aps.org/v2/journals/articles/10.1103/PhysRevLett.120.211804/fulltext,2019-01-12 15:15:16 UTC,APS TDM,10.1103/physrevlett.120.211804,True,True,,lanl.gov,,,,,,,,,
166,lbicr.lbg.ac.at, ,2018-12-16 12:29:19 UTC,PMC OAI (NIH),10.1038/s41375-017-0005-9,True,True,,lbg.ac.at,grid.419350.a,Ludwig Boltzmann Gesellschaft,http://www.lbg.ac.at/en,www,lbg,ac.at,lbg.ac.at,,
167,lboro.ac.uk,http://link.springer.com/article/10.1007/s00348-017-2473-0/fulltext.html,2018-12-18 08:00:29 UTC,Springer HTML,10.1007/s00348-017-2473-0,True,True,,lboro.ac.uk,grid.6571.5,Loughborough University,http://www.lboro.ac.uk/,www,lboro,ac.uk,lboro.ac.uk,,
168,leeds.ac.uk, ,2018-12-16 12:29:19 UTC,PMC OAI (NIH),10.1111/bju.14368,True,True,,leeds.ac.uk,grid.9909.9,University of Leeds,http://www.leeds.ac.uk/,www,leeds,ac.uk,leeds.ac.uk,,
169,leeds.ac.uk, ,2018-12-16 12:29:19 UTC,PMC OAI (NIH),10.1111/bju.14368,True,True,,leeds.ac.uk,grid.24298.35,Timescape Surveys,http://www.timescapes.leeds.ac.uk/,www.timescapes,leeds,ac.uk,leeds.ac.uk,,
170,lincoln.ac.uk, ,2018-12-16 12:29:19 UTC,PMC OAI (NIH),10.1007/s11031-017-9615-9,True,True,,lincoln.ac.uk,grid.36511.30,University of Lincoln,http://www.lincoln.ac.uk/home/,www,lincoln,ac.uk,lincoln.ac.uk,,
171,liv.ac.uk,https://api.elsevier.com/content/article/PII:S030442031500064X?httpAccept=text/xml,2018-12-17 16:06:12 UTC,Elsevier XML,10.1016/j.marchem.2015.03.010,True,True,,liv.ac.uk,grid.10025.36,University of Liverpool,http://www.liv.ac.uk/,www,liv,ac.uk,liv.ac.uk,,
172,ltu.se,http://link.springer.com/article/10.1007/s11831-018-09313-9/fulltext.html,2019-01-04 14:40:57 UTC,Springer HTML,10.1007/s11831-018-09313-9,True,True,,ltu.se,grid.6926.b,Luleå University of Technology,http://www.ltu.se/,www,ltu,se,ltu.se,,
173,mac.com, ,2018-12-16 12:29:19 UTC,PMC OAI (NIH),10.1007/s40261-016-0435-6,True,True,,mac.com,,,,,,,,,
174,mail.usask.ca,https://api.elsevier.com/content/article/PII:S0028390815301829?httpAccept=text/xml,2018-12-17 16:06:12 UTC,Elsevier XML,10.1016/j.neuropharm.2015.11.018,False,True,more adresses,usask.ca,grid.498703.1,Canadian Rural Health Research Society,https://crhrs-scrsr.usask.ca/,crhrs-scrsr,usask,ca,usask.ca,,
175,mail.usask.ca,https://api.elsevier.com/content/article/PII:S0028390815301829?httpAccept=text/xml,2018-12-17 16:06:12 UTC,Elsevier XML,10.1016/j.neuropharm.2015.11.018,False,True,more adresses,usask.ca,grid.25152.31,University of Saskatchewan,https://www.usask.ca/,www,usask,ca,usask.ca,,
176,mail.usask.ca,https://api.elsevier.com/content/article/PII:S0028390815301829?httpAccept=text/xml,2018-12-17 16:06:12 UTC,Elsevier XML,10.1016/j.neuropharm.2015.11.018,False,True,more adresses,usask.ca,grid.440005.5,Canadian Agricultural Economics Society,http://caes.usask.ca/,caes,usask,ca,usask.ca,,
177,manchester.ac.uk,https://api.wiley.com/onlinelibrary/tdm/v1/articles/10.1111%2Fgeoj.12259,2019-01-03 18:07:39 UTC,Wiley PDF,10.1111/geoj.12259,True,True,,manchester.ac.uk,grid.5379.8,University of Manchester,http://www.manchester.ac.uk/,www,manchester,ac.uk,manchester.ac.uk,,
178,mcgill.ca, ,2018-12-16 12:29:19 UTC,PMC OAI (NIH),10.1007/s00335-018-9772-5,True,True,,mcgill.ca,grid.416102.0,Montreal Neurological Institute and Hospital,http://www.mcgill.ca/neuro/,www,mcgill,ca,mcgill.ca,,
179,mcgill.ca, ,2018-12-16 12:29:19 UTC,PMC OAI (NIH),10.1007/s00335-018-9772-5,True,True,,mcgill.ca,grid.14709.3b,McGill University,http://www.mcgill.ca/,www,mcgill,ca,mcgill.ca,,
180,med.kuleuven.be,https://api.elsevier.com/content/article/PII:S0016508516354877?httpAccept=text/xml,2018-12-17 16:06:12 UTC,Elsevier XML,10.1053/j.gastro.2016.10.046,True,True,,kuleuven.be,grid.415751.3,Rega Institute for Medical Research,http://rega.kuleuven.be/,rega,kuleuven,be,kuleuven.be,,
181,med.kuleuven.be,https://api.elsevier.com/content/article/PII:S0016508516354877?httpAccept=text/xml,2018-12-17 16:06:12 UTC,Elsevier XML,10.1053/j.gastro.2016.10.046,True,True,,kuleuven.be,grid.5596.f,KU Leuven,http://www.kuleuven.be/english,www,kuleuven,be,kuleuven.be,,
182,med.uni-muenchen.de, ,2019-01-06 09:58:31 UTC,PMC OAI (NIH),10.1093/annonc/mdy329,True,True,,uni-muenchen.de,grid.491963.0,"Klinik und Poliklinik für Orthopädie, Physikalische Medizin und Rehabilitation",http://www.klinikum.uni-muenchen.de/Klinik-und-Poliklinik-fuer-Physikalische-Medizin-und-Rehabilitation/de/index.html,www.klinikum,uni-muenchen,de,uni-muenchen.de,,
183,med.uni-muenchen.de, ,2019-01-06 09:58:31 UTC,PMC OAI (NIH),10.1093/annonc/mdy329,True,True,,uni-muenchen.de,grid.411095.8,Klinikum der Universität München,http://www.klinikum.uni-muenchen.de/de/index.html,www.klinikum,uni-muenchen,de,uni-muenchen.de,,
184,med.uni-muenchen.de, ,2019-01-06 09:58:31 UTC,PMC OAI (NIH),10.1093/annonc/mdy329,True,True,,uni-muenchen.de,grid.491993.f,Klinik und Poliklinik für Strahlentherapie und Radioonkologie,http://www.klinikum.uni-muenchen.de/de/das_klinikum/medizinische-einrichtungen/strahlentherapie/strahlen-und-radioonkoologie/index.html,www.klinikum,uni-muenchen,de,uni-muenchen.de,,
185,med.uni-muenchen.de, ,2019-01-06 09:58:31 UTC,PMC OAI (NIH),10.1093/annonc/mdy329,True,True,,uni-muenchen.de,grid.5252.0,Ludwig Maximilian University of Munich,http://www.en.uni-muenchen.de/index.html,www.en,uni-muenchen,de,uni-muenchen.de,,
186,medicine.tamhsc.edu,https://api.elsevier.com/content/article/PII:S0896841117301555?httpAccept=text/xml,2018-12-17 16:06:12 UTC,Elsevier XML,10.1016/j.jaut.2017.09.002,True,True,,tamhsc.edu,,,,,,,,,
187,meduniwien.ac.at, ,2018-12-16 12:29:19 UTC,PMC OAI (NIH),10.1007/s11999-016-4741-3,True,True,,meduniwien.ac.at,grid.492160.8,Universitätsklinik für Kinder und Jugendpsychiatrie,http://kjp.meduniwien.ac.at/,kjp,meduniwien,ac.at,meduniwien.ac.at,,
188,meduniwien.ac.at, ,2018-12-16 12:29:19 UTC,PMC OAI (NIH),10.1007/s11999-016-4741-3,True,True,,meduniwien.ac.at,grid.488544.1,Universitätsklinik für Neurologie,https://neurologie.meduniwien.ac.at/,neurologie,meduniwien,ac.at,meduniwien.ac.at,,
189,meduniwien.ac.at, ,2018-12-16 12:29:19 UTC,PMC OAI (NIH),10.1007/s11999-016-4741-3,True,True,,meduniwien.ac.at,grid.461839.1,Lehrkrankenhäuser,http://kpj.meduniwien.ac.at/lehrkrankenhaeuser/,kpj,meduniwien,ac.at,meduniwien.ac.at,,
190,meduniwien.ac.at, ,2018-12-16 12:29:19 UTC,PMC OAI (NIH),10.1007/s11999-016-4741-3,True,True,,meduniwien.ac.at,grid.22937.3d,Medical University of Vienna,http://www.meduniwien.ac.at/homepage/1/homepage/,www,meduniwien,ac.at,meduniwien.ac.at,,
191,meduniwien.ac.at,https://api.elsevier.com/content/article/PII:S1740674914000158?httpAccept=text/xml,2018-12-17 16:06:12 UTC,Elsevier XML,10.1016/j.ddtec.2014.03.009,True,True,,meduniwien.ac.at,grid.492160.8,Universitätsklinik für Kinder und Jugendpsychiatrie,http://kjp.meduniwien.ac.at/,kjp,meduniwien,ac.at,meduniwien.ac.at,,
192,meduniwien.ac.at,https://api.elsevier.com/content/article/PII:S1740674914000158?httpAccept=text/xml,2018-12-17 16:06:12 UTC,Elsevier XML,10.1016/j.ddtec.2014.03.009,True,True,,meduniwien.ac.at,grid.488544.1,Universitätsklinik für Neurologie,https://neurologie.meduniwien.ac.at/,neurologie,meduniwien,ac.at,meduniwien.ac.at,,
193,meduniwien.ac.at,https://api.elsevier.com/content/article/PII:S1740674914000158?httpAccept=text/xml,2018-12-17 16:06:12 UTC,Elsevier XML,10.1016/j.ddtec.2014.03.009,True,True,,meduniwien.ac.at,grid.461839.1,Lehrkrankenhäuser,http://kpj.meduniwien.ac.at/lehrkrankenhaeuser/,kpj,meduniwien,ac.at,meduniwien.ac.at,,
194,meduniwien.ac.at,https://api.elsevier.com/content/article/PII:S1740674914000158?httpAccept=text/xml,2018-12-17 16:06:12 UTC,Elsevier XML,10.1016/j.ddtec.2014.03.009,True,True,,meduniwien.ac.at,grid.22937.3d,Medical University of Vienna,http://www.meduniwien.ac.at/homepage/1/homepage/,www,meduniwien,ac.at,meduniwien.ac.at,,
195,mentalhealth.org.uk,https://api.elsevier.com/content/article/PII:S0165032718301381?httpAccept=text/xml,2018-12-17 16:06:12 UTC,Elsevier XML,10.1016/j.jad.2018.05.010,False,True,more adresses,mentalhealth.org.uk,grid.474126.2,Mental Health Foundation,https://www.mentalhealth.org.uk/,www,mentalhealth,org.uk,mentalhealth.org.uk,,
196,mmk.su.se,http://pubs.acs.org/doi/pdf/10.1021/ct301019v,2019-01-13 12:40:30 UTC,ACS TDM,10.1021/ct301019v,True,True,,su.se,grid.452300.0,Centre for Health Equity Studies,http://www.chess.su.se/,www.chess,su,se,su.se,,
197,mmk.su.se,http://pubs.acs.org/doi/pdf/10.1021/ct301019v,2019-01-13 12:40:30 UTC,ACS TDM,10.1021/ct301019v,True,True,,su.se,grid.10548.38,Stockholm University,http://www.su.se/english/,www,su,se,su.se,,
198,mmu.ac.uk,https://api.elsevier.com/content/article/PII:S0377221716304362?httpAccept=text/xml,2018-12-17 16:06:12 UTC,Elsevier XML,10.1016/j.ejor.2016.06.016,True,True,,mmu.ac.uk,grid.25627.34,Manchester Metropolitan University,http://www2.mmu.ac.uk/,www2,mmu,ac.uk,mmu.ac.uk,,
199,mmu.ac.uk, ,2018-12-16 12:29:19 UTC,PMC OAI (NIH),10.1093/jn/nxy185,True,True,,mmu.ac.uk,grid.25627.34,Manchester Metropolitan University,http://www2.mmu.ac.uk/,www2,mmu,ac.uk,mmu.ac.uk,,
200,moorfields.nhs.uk, ,2018-12-16 12:29:19 UTC,PMC OAI (NIH),10.1007/s10633-018-9652-z,True,True,,moorfields.nhs.uk,grid.436474.6,Moorfields Eye Hospital NHS Foundation Trust,http://www.moorfields.nhs.uk/,www,moorfields,nhs.uk,moorfields.nhs.uk,,
201,mst.nl,https://api.elsevier.com/content/article/PII:S0002870314000155?httpAccept=text/xml,2018-12-17 16:06:12 UTC,Elsevier XML,10.1016/j.ahj.2013.11.014,True,True,,mst.nl,,,,,,,,,
202,nasa.gov,http://link.springer.com/article/10.1007/s11214-018-0559-5/fulltext.html,2019-01-04 14:40:57 UTC,Springer HTML,10.1007/s11214-018-0559-5,True,True,,nasa.gov,grid.426671.0,Aero Institute,https://www.nasa.gov/centers/armstrong/education/aero_institute.html,www,nasa,gov,nasa.gov,,
203,ncl.ac.uk,https://api.elsevier.com/content/article/PII:S0925443916300023?httpAccept=text/xml,2018-12-17 16:06:12 UTC,Elsevier XML,10.1016/j.bbadis.2016.01.015,True,True,,ncl.ac.uk,grid.1006.7,Newcastle University,http://www.ncl.ac.uk/,www,ncl,ac.uk,ncl.ac.uk,,
204,ncl.ac.uk,https://api.elsevier.com/content/article/PII:S0925443916300023?httpAccept=text/xml,2018-12-17 16:06:12 UTC,Elsevier XML,10.1016/j.bbadis.2016.01.015,True,True,,ncl.ac.uk,grid.472342.4,Newcastle University Medicine Malaysia,http://www.ncl.ac.uk/numed/,www,ncl,ac.uk,ncl.ac.uk,,
205,ncl.ac.uk,https://api.elsevier.com/content/article/PII:S0925443916300023?httpAccept=text/xml,2018-12-17 16:06:12 UTC,Elsevier XML,10.1016/j.bbadis.2016.01.015,True,True,,ncl.ac.uk,grid.473733.7,Newcastle University Singapore,http://www.ncl.ac.uk/singapore/,www,ncl,ac.uk,ncl.ac.uk,,
206,ncl.ac.uk,https://api.elsevier.com/content/article/PII:S0925443916300023?httpAccept=text/xml,2018-12-17 16:06:12 UTC,Elsevier XML,10.1016/j.bbadis.2016.01.015,True,True,,ncl.ac.uk,grid.500657.1,Natural History Society of Northumbria,http://www.nhsn.ncl.ac.uk/,www.nhsn,ncl,ac.uk,ncl.ac.uk,,
207,nhs.net,https://api.elsevier.com/content/article/PII:S1424390317300686?httpAccept=text/xml,2018-12-17 16:06:12 UTC,Elsevier XML,10.1016/j.pan.2017.04.002,True,True,,nhs.net,,,,,,,,,
208,nii.ac.jp,https://api.elsevier.com/content/article/PII:S0303264717300692?httpAccept=text/xml,2018-12-17 16:06:12 UTC,Elsevier XML,10.1016/j.biosystems.2017.07.007,True,True,,nii.ac.jp,grid.250343.3,National Institute of Informatics,http://www.nii.ac.jp/en,www,nii,ac.jp,nii.ac.jp,,
209,nioz.nl,https://api.elsevier.com/content/article/PII:S0006320714000500?httpAccept=text/xml,2018-12-17 16:06:12 UTC,Elsevier XML,10.1016/j.biocon.2014.01.038,True,True,,nioz.nl,,,,,,,,,
210,northumbria.ac.uk,http://link.springer.com/article/10.1007/s00170-017-1216-y/fulltext.html,2018-12-18 08:00:29 UTC,Springer HTML,10.1007/s00170-017-1216-y,True,True,,northumbria.ac.uk,grid.42629.3b,Northumbria University,https://www.northumbria.ac.uk/,www,northumbria,ac.uk,northumbria.ac.uk,,
211,ohsu.edu,https://api.elsevier.com/content/article/PII:S1463500315002437?httpAccept=text/xml,2018-12-17 16:06:12 UTC,Elsevier XML,10.1016/j.ocemod.2015.12.007,True,True,,ohsu.edu,grid.433851.8,Vollum Institute,http://www.ohsu.edu/xd/research/centers-institutes/vollum/,www,ohsu,edu,ohsu.edu,,
212,ohsu.edu,https://api.elsevier.com/content/article/PII:S1463500315002437?httpAccept=text/xml,2018-12-17 16:06:12 UTC,Elsevier XML,10.1016/j.ocemod.2015.12.007,True,True,,ohsu.edu,grid.5288.7,Oregon Health & Science University,http://www.ohsu.edu/xd/,www,ohsu,edu,ohsu.edu,,
213,ohsu.edu,https://api.elsevier.com/content/article/PII:S1463500315002437?httpAccept=text/xml,2018-12-17 16:06:12 UTC,Elsevier XML,10.1016/j.ocemod.2015.12.007,True,True,,ohsu.edu,grid.410436.4,Oregon National Primate Research Center,http://www.ohsu.edu/xd/research/centers-institutes/onprc/,www,ohsu,edu,ohsu.edu,,
214,ohsu.edu,https://api.elsevier.com/content/article/PII:S1463500315002437?httpAccept=text/xml,2018-12-17 16:06:12 UTC,Elsevier XML,10.1016/j.ocemod.2015.12.007,True,True,,ohsu.edu,grid.414029.a,Doernbecher Children's Hospital,http://www.ohsu.edu/xd/health/services/doernbecher/index.cfm,www,ohsu,edu,ohsu.edu,,
215,ohsu.edu,https://api.elsevier.com/content/article/PII:S1463500315002437?httpAccept=text/xml,2018-12-17 16:06:12 UTC,Elsevier XML,10.1016/j.ocemod.2015.12.007,True,True,,ohsu.edu,grid.488511.1,Oregon Health and Science University Hospital,http://www.ohsu.edu/xd/health/ohsu-near-you/portland/marquam-hill/ohsu-hospital.cfm,www,ohsu,edu,ohsu.edu,,
216,op.pl,https://api.elsevier.com/content/article/PII:S1357272514003173?httpAccept=text/xml,2018-12-17 16:06:12 UTC,Elsevier XML,10.1016/j.biocel.2014.10.006,False,True,more adresses,op.pl,,,,,,,,,
217,ows.be,http://link.springer.com/article/10.1007/s11367-016-1249-8/fulltext.html,2018-12-18 08:00:29 UTC,Springer HTML,10.1007/s11367-016-1249-8,True,True,,ows.be,grid.426189.0,Organic Waste Systems (Belgium),http://www.ows.be/,www,ows,be,ows.be,,
218,pangaea.de,https://api.elsevier.com/content/article/PII:S0168165617315419?httpAccept=text/xml,2018-12-17 16:06:12 UTC,Elsevier XML,10.1016/j.jbiotec.2017.07.016,False,True,more adresses,pangaea.de,,,,,,,,,
219,pg.com, ,2018-12-16 12:29:19 UTC,PMC OAI (NIH),10.1002/cpt.1132,True,True,,pg.com,grid.418758.7,Procter & Gamble (United States),http://www.pg.com/en_US/,www,pg,com,pg.com,,
220,psyk.uu.se, ,2018-12-16 12:29:19 UTC,PMC OAI (NIH),10.1007/s10803-016-2955-6,True,True,,uu.se,grid.451863.d,Nordic Africa Institute,http://www.nai.uu.se/,www.nai,uu,se,uu.se,,
221,psyk.uu.se, ,2018-12-16 12:29:19 UTC,PMC OAI (NIH),10.1007/s10803-016-2955-6,True,True,,uu.se,grid.8993.b,Uppsala University,https://www.uu.se/en/,www,uu,se,uu.se,,
222,research.fchampalimaud.org, ,2018-12-16 12:29:19 UTC,PMC OAI (NIH),10.1093/cercor/bhx359,False,True,second adress,fchampalimaud.org,grid.421010.6,Champalimaud Foundation,http://www.fchampalimaud.org/en/the-foundation/,www,fchampalimaud,org,fchampalimaud.org,,
223,rhul.ac.uk, ,2018-12-16 12:29:19 UTC,PMC OAI (NIH),10.1007/s00248-018-1160-x,True,True,,rhul.ac.uk,,,,,,,,,
224,rmit.edu.au,https://api.elsevier.com/content/article/PII:S0168192317302496?httpAccept=text/xml,2018-12-17 16:06:12 UTC,Elsevier XML,10.1016/j.agrformet.2017.07.027,True,True,,rmit.edu.au,grid.1017.7,RMIT University,https://www.rmit.edu.au/,www,rmit,edu.au,rmit.edu.au,,
225,rutgers.edu,http://link.springer.com/article/10.1007/s40258-018-0409-3/fulltext.html,2019-01-04 14:40:57 UTC,Springer HTML,10.1007/s40258-018-0409-3,True,True,,rutgers.edu,grid.469130.9,Rutgers University–Camden,http://www.camden.rutgers.edu/,www.camden,rutgers,edu,rutgers.edu,,
226,rutgers.edu,http://link.springer.com/article/10.1007/s40258-018-0409-3/fulltext.html,2019-01-04 14:40:57 UTC,Springer HTML,10.1007/s40258-018-0409-3,True,True,,rutgers.edu,grid.469131.8,Rutgers University–Newark,http://www.newark.rutgers.edu/,www.newark,rutgers,edu,rutgers.edu,,
227,rutgers.edu,http://link.springer.com/article/10.1007/s40258-018-0409-3/fulltext.html,2019-01-04 14:40:57 UTC,Springer HTML,10.1007/s40258-018-0409-3,True,True,,rutgers.edu,grid.430387.b,Rutgers University,http://www.rutgers.edu/,www,rutgers,edu,rutgers.edu,,
228,rutgers.edu,http://link.springer.com/article/10.1007/s40258-018-0409-3/fulltext.html,2019-01-04 14:40:57 UTC,Springer HTML,10.1007/s40258-018-0409-3,True,True,,rutgers.edu,grid.414514.1,Environmental and Occupational Health Sciences Institute,https://eohsi.rutgers.edu/,eohsi,rutgers,edu,rutgers.edu,,
229,sapmed.ac.jp, ,2018-12-16 12:29:19 UTC,PMC OAI (NIH),10.1007/s00268-018-4519-8,True,True,,sapmed.ac.jp,grid.470107.5,Sapporo Medical University Hospital,http://web.sapmed.ac.jp/hospital/,web,sapmed,ac.jp,sapmed.ac.jp,,
230,sapmed.ac.jp, ,2018-12-16 12:29:19 UTC,PMC OAI (NIH),10.1007/s00268-018-4519-8,True,True,,sapmed.ac.jp,grid.263171.0,Sapporo Medical University,http://web.sapmed.ac.jp/e/,web,sapmed,ac.jp,sapmed.ac.jp,,
231,scp.nl, ,2018-12-16 12:29:19 UTC,PMC OAI (NIH),10.1007/s10680-016-9391-3,True,True,,scp.nl,grid.438038.4,Netherlands Institute for Social Research,http://www.scp.nl/english/,www,scp,nl,scp.nl,,
232,sete.cnrs.fr,https://api.wiley.com/onlinelibrary/tdm/v1/articles/10.1111%2F2041-210X.12807,2019-01-03 18:07:39 UTC,Wiley PDF,10.1111/2041-210x.12807,True,True,,cnrs.fr,,,,,,,,,
233,sggw.pl, ,2018-12-16 12:29:19 UTC,PMC OAI (NIH),10.1007/s11627-016-9781-6,True,True,,sggw.pl,grid.13276.31,Warsaw University of Life Sciences,http://www.sggw.pl/en/,www,sggw,pl,sggw.pl,,
234,skku.edu,http://pubs.acs.org/doi/pdf/10.1021/acs.iecr.7b02509,2019-01-13 12:40:30 UTC,ACS TDM,10.1021/acs.iecr.7b02509,False,True,second adress,skku.edu,grid.264381.a,Sungkyunkwan University,http://www.skku.edu/eng_home/index.jsp,www,skku,edu,skku.edu,,
235,snnu.edu.cn, ,2018-12-16 12:29:19 UTC,PMC OAI (NIH),10.1002/mnfr.201700134,True,True,,snnu.edu.cn,grid.412498.2,Shaanxi Normal University,http://english.snnu.edu.cn/,english,snnu,edu.cn,snnu.edu.cn,,
236,spi.ox.ac.uk,https://api.elsevier.com/content/article/PII:S0145213417302958?httpAccept=text/xml,2018-12-17 16:06:12 UTC,Elsevier XML,10.1016/j.chiabu.2017.08.016,False,True,more adresses,ox.ac.uk,grid.500580.8,Museum of the History of Science,http://www.mhs.ox.ac.uk/,www.mhs,ox,ac.uk,ox.ac.uk,,
237,spi.ox.ac.uk,https://api.elsevier.com/content/article/PII:S0145213417302958?httpAccept=text/xml,2018-12-17 16:06:12 UTC,Elsevier XML,10.1016/j.chiabu.2017.08.016,False,True,more adresses,ox.ac.uk,grid.467568.e,Rhodes Trust,http://www.rhodeshouse.ox.ac.uk/,www.rhodeshouse,ox,ac.uk,ox.ac.uk,,
238,spi.ox.ac.uk,https://api.elsevier.com/content/article/PII:S0145213417302958?httpAccept=text/xml,2018-12-17 16:06:12 UTC,Elsevier XML,10.1016/j.chiabu.2017.08.016,False,True,more adresses,ox.ac.uk,grid.4991.5,University of Oxford,http://www.ox.ac.uk/,www,ox,ac.uk,ox.ac.uk,,
239,st-andrews.ac.uk,https://api.elsevier.com/content/article/PII:S0012821X15005853?httpAccept=text/xml,2018-12-17 16:06:12 UTC,Elsevier XML,10.1016/j.epsl.2015.09.018,False,True,second adress,st-andrews.ac.uk,grid.11914.3c,University of St Andrews,http://www.st-andrews.ac.uk/,www,st-andrews,ac.uk,st-andrews.ac.uk,,
240,stjude.org,https://api.elsevier.com/content/article/PII:S0969212617301314?httpAccept=text/xml,2018-12-17 16:06:12 UTC,Elsevier XML,10.1016/j.str.2017.04.013,False,True,second adress ,stjude.org,,,,,,,,,
241,strath.ac.uk,http://link.springer.com/article/10.1007/s10569-017-9807-3/fulltext.html,2018-12-18 08:00:29 UTC,Springer HTML,10.1007/s10569-017-9807-3,True,True,,strath.ac.uk,grid.11984.35,University of Strathclyde,http://www.strath.ac.uk/,www,strath,ac.uk,strath.ac.uk,,
242,strath.ac.uk,https://api.elsevier.com/content/article/PII:S1549963415000957?httpAccept=text/xml,2018-12-17 16:06:12 UTC,Elsevier XML,10.1016/j.nano.2015.04.006,True,True,,strath.ac.uk,grid.11984.35,University of Strathclyde,http://www.strath.ac.uk/,www,strath,ac.uk,strath.ac.uk,,
243,strubi.ox.ac.uk,https://api.elsevier.com/content/article/PII:S0969212614000379?httpAccept=text/xml,2018-12-17 16:06:12 UTC,Elsevier XML,10.1016/j.str.2014.01.009,True,True,,ox.ac.uk,grid.4991.5,University of Oxford,http://www.ox.ac.uk/,www,ox,ac.uk,ox.ac.uk,,
244,strubi.ox.ac.uk,https://api.elsevier.com/content/article/PII:S0969212614000379?httpAccept=text/xml,2018-12-17 16:06:12 UTC,Elsevier XML,10.1016/j.str.2014.01.009,True,True,,ox.ac.uk,grid.500580.8,Museum of the History of Science,http://www.mhs.ox.ac.uk/,www.mhs,ox,ac.uk,ox.ac.uk,,
245,strubi.ox.ac.uk,https://api.elsevier.com/content/article/PII:S0969212614000379?httpAccept=text/xml,2018-12-17 16:06:12 UTC,Elsevier XML,10.1016/j.str.2014.01.009,True,True,,ox.ac.uk,grid.467568.e,Rhodes Trust,http://www.rhodeshouse.ox.ac.uk/,www.rhodeshouse,ox,ac.uk,ox.ac.uk,,
246,stu.kobe-u.ac.jp,http://stacks.iop.org/1475-7516/2016/i=04/a=035?key=crossref.3b7186a581cf9b13ee3b7d433ff9435a,2019-01-07 11:01:01 UTC,IOP TDM,10.1088/1475-7516/2016/04/035,False,True,second adress,kobe-u.ac.jp,grid.411102.7,Kobe University Hospital,http://www.hosp.kobe-u.ac.jp/,www.hosp,kobe-u,ac.jp,kobe-u.ac.jp,,
247,stu.kobe-u.ac.jp,http://stacks.iop.org/1475-7516/2016/i=04/a=035?key=crossref.3b7186a581cf9b13ee3b7d433ff9435a,2019-01-07 11:01:01 UTC,IOP TDM,10.1088/1475-7516/2016/04/035,False,True,second adress,kobe-u.ac.jp,grid.31432.37,Kobe University,http://www.kobe-u.ac.jp/en/alumni/index.html,www,kobe-u,ac.jp,kobe-u.ac.jp,,
248,student.bham.ac.uk,https://api.elsevier.com/content/article/PII:S0272884218318078?httpAccept=text/xml,2018-12-17 16:06:12 UTC,Elsevier XML,10.1016/j.ceramint.2018.07.079,True,True,,bham.ac.uk,,,,,,,,,
249,su.se, ,2018-12-16 12:29:19 UTC,PMC OAI (NIH),10.1007/s00441-016-2463-1,True,True,,su.se,grid.10548.38,Stockholm University,http://www.su.se/english/,www,su,se,su.se,,
250,su.se, ,2018-12-16 12:29:19 UTC,PMC OAI (NIH),10.1007/s00441-016-2463-1,True,True,,su.se,grid.452300.0,Centre for Health Equity Studies,http://www.chess.su.se/,www.chess,su,se,su.se,,
251,surg1.med.osaka-u.ac.jp,https://api.elsevier.com/content/article/PII:S1525001618303836?httpAccept=text/xml,2018-12-17 16:06:12 UTC,Elsevier XML,10.1016/j.ymthe.2018.08.012,True,True,,osaka-u.ac.jp,grid.136593.b,Osaka University,http://www.osaka-u.ac.jp/en,www,osaka-u,ac.jp,osaka-u.ac.jp,,
252,surg1.med.osaka-u.ac.jp,https://api.elsevier.com/content/article/PII:S1525001618303836?httpAccept=text/xml,2018-12-17 16:06:12 UTC,Elsevier XML,10.1016/j.ymthe.2018.08.012,True,True,,osaka-u.ac.jp,grid.412398.5,Osaka University Hospital,http://www.hosp.med.osaka-u.ac.jp/english/,www.hosp.med,osaka-u,ac.jp,osaka-u.ac.jp,,
253,tin.it,https://api.elsevier.com/content/article/PII:S1547527116307548?httpAccept=text/xml,2018-12-17 16:06:12 UTC,Elsevier XML,10.1016/j.hrthm.2016.09.008,True,True,,tin.it,,,,,,,,,
254,tu-berlin.de,http://stacks.iop.org/2040-8986/19/i=6/a=064002?key=crossref.5417732c1516966a40c4991ecea0b4ed,2019-01-07 11:01:01 UTC,IOP TDM,10.1088/2040-8986/aa6380,False,True,second adress,tu-berlin.de,grid.6734.6,Technical University of Berlin,http://www.tu-berlin.de/,www,tu-berlin,de,tu-berlin.de,,
255,tue.nl, ,2018-12-16 12:29:19 UTC,PMC OAI (NIH),10.1002/anie.201805632,True,True,,tue.nl,grid.493400.a,Institute for Programming research and Algorithmics,http://www.win.tue.nl/ipa/,www.win,tue,nl,tue.nl,,
256,tue.nl, ,2018-12-16 12:29:19 UTC,PMC OAI (NIH),10.1002/anie.201805632,True,True,,tue.nl,grid.6852.9,Eindhoven University of Technology,http://www.tue.nl/,www,tue,nl,tue.nl,,
257,tuhh.de,https://api.elsevier.com/content/article/PII:S0022509615300995?httpAccept=text/xml,2018-12-17 16:06:12 UTC,Elsevier XML,10.1016/j.jmps.2016.02.018,True,True,,tuhh.de,grid.6884.2,Hamburg University of Technology,http://www.tuhh.de/,www,tuhh,de,tuhh.de,,
258,ubc.ca,https://api.elsevier.com/content/article/PII:S0034425718303572?httpAccept=text/xml,2018-12-17 16:06:12 UTC,Elsevier XML,10.1016/j.rse.2018.07.024,True,True,,ubc.ca,grid.498725.5,Centre for Health Evaluation and Outcome Sciences,http://www.cheos.ubc.ca/,www.cheos,ubc,ca,ubc.ca,,
259,ubc.ca,https://api.elsevier.com/content/article/PII:S0006320716305328?httpAccept=text/xml,2018-12-17 16:06:12 UTC,Elsevier XML,10.1016/j.biocon.2016.10.006,False,True,more adresses,ubc.ca,grid.498725.5,Centre for Health Evaluation and Outcome Sciences,http://www.cheos.ubc.ca/,www.cheos,ubc,ca,ubc.ca,,
260,ucar.edu,https://api.wiley.com/onlinelibrary/tdm/v1/articles/10.1002%2F2016GL071892,2019-01-14 09:48:52 UTC,Wiley PDF,10.1002/2016gl071892,True,True,,ucar.edu,grid.413455.2,University Corporation for Atmospheric Research,https://www2.ucar.edu/,www2,ucar,edu,ucar.edu,,
261,ucc.ie, ,2018-12-16 12:29:19 UTC,PMC OAI (NIH),10.1007/s11051-016-3683-8,False,True,more adresses,ucc.ie,grid.421993.4,Universal Sensors (United States),http://intel.ucc.ie/sensors/universal,intel,ucc,ie,ucc.ie,,
262,ucdenver.edu,http://link.springer.com/article/10.1007/s10393-018-1351-4/fulltext.html,2019-01-04 14:40:57 UTC,Springer HTML,10.1007/s10393-018-1351-4,True,True,,ucdenver.edu,grid.414594.9,Colorado School of Public Health,http://www.ucdenver.edu/academics/colleges/PublicHealth/Pages/default.aspx,www,ucdenver,edu,ucdenver.edu,,
263,ucdenver.edu,http://link.springer.com/article/10.1007/s10393-018-1351-4/fulltext.html,2019-01-04 14:40:57 UTC,Springer HTML,10.1007/s10393-018-1351-4,True,True,,ucdenver.edu,grid.499234.1,University of Colorado Cancer Center,http://www.ucdenver.edu/academics/colleges/medicalschool/centers/cancercenter/Pages/CancerCenter.aspx,www,ucdenver,edu,ucdenver.edu,,
264,uclouvain.be,https://api.elsevier.com/content/article/PII:S0959804914002536?httpAccept=text/xml,2018-12-17 16:06:12 UTC,Elsevier XML,10.1016/j.ejca.2014.03.010,True,True,,uclouvain.be,grid.7942.8,Université Catholique de Louvain,http://www.uclouvain.be/en-index.html,www,uclouvain,be,uclouvain.be,,
265,uclouvain.be,https://api.elsevier.com/content/article/PII:S0959804914002536?httpAccept=text/xml,2018-12-17 16:06:12 UTC,Elsevier XML,10.1016/j.ejca.2014.03.010,True,True,,uclouvain.be,grid.412356.7,Hôpital Sahloul,http://sites-test.uclouvain.be/stages-pvd/sousseb.htm,sites-test,uclouvain,be,uclouvain.be,,
266,udel.edu,https://api.elsevier.com/content/article/PII:S0306261917312035?httpAccept=text/xml,2018-12-17 16:06:12 UTC,Elsevier XML,10.1016/j.apenergy.2017.08.178,False,True,more adresses,udel.edu,grid.33489.35,University of Delaware,http://www.udel.edu/,www,udel,edu,udel.edu,,
267,uhn.ca,http://stacks.iop.org/1741-2552/15/i=4/a=046034?key=crossref.a5e82637df2db30331cd72adb40421fd,2019-01-07 11:01:01 UTC,IOP TDM,10.1088/1741-2552/aacb96,True,True,,uhn.ca,grid.417184.f,Toronto General Hospital,http://www.uhn.ca/corporate/AboutUHN/OurHospitals/TGH,www,uhn,ca,uhn.ca,,
268,uhn.ca,http://stacks.iop.org/1741-2552/15/i=4/a=046034?key=crossref.a5e82637df2db30331cd72adb40421fd,2019-01-07 11:01:01 UTC,IOP TDM,10.1088/1741-2552/aacb96,True,True,,uhn.ca,grid.231844.8,University Health Network,http://www.uhn.ca/,www,uhn,ca,uhn.ca,,
269,uhn.ca,http://stacks.iop.org/1741-2552/15/i=4/a=046034?key=crossref.a5e82637df2db30331cd72adb40421fd,2019-01-07 11:01:01 UTC,IOP TDM,10.1088/1741-2552/aacb96,True,True,,uhn.ca,grid.417188.3,Toronto Western Hospital,http://www.uhn.ca/corporate/AboutUHN/OurHospitals/TWH,www,uhn,ca,uhn.ca,,
270,uic.edu,https://api.elsevier.com/content/article/PII:S0300957213003420?httpAccept=text/xml,2018-12-17 16:06:12 UTC,Elsevier XML,10.1016/j.resuscitation.2013.06.019,False,True,second adress,uic.edu,,,,,,,,,
271,umcg.nl, ,2018-12-16 12:29:19 UTC,PMC OAI (NIH),10.1002/term.2213,True,True,,umcg.nl,grid.4494.d,University Medical Center Groningen,http://www.umcg.nl/EN,www,umcg,nl,umcg.nl,,
272,umd.edu,https://api.elsevier.com/content/article/PII:S1742706115302646?httpAccept=text/xml,2018-12-17 16:06:12 UTC,Elsevier XML,10.1016/j.actbio.2015.12.026,True,True,,umd.edu,grid.481376.f,University of Maryland Extension,https://extension.umd.edu/,extension,umd,edu,umd.edu,,
273,umd.edu,https://api.elsevier.com/content/article/PII:S1742706115302646?httpAccept=text/xml,2018-12-17 16:06:12 UTC,Elsevier XML,10.1016/j.actbio.2015.12.026,True,True,,umd.edu,grid.452566.6,Joint Space Science Institute,https://jsi.astro.umd.edu/,jsi.astro,umd,edu,umd.edu,,
274,uml.edu,https://api.elsevier.com/content/article/PII:S0306261915016785?httpAccept=text/xml,2018-12-17 16:06:12 UTC,Elsevier XML,10.1016/j.apenergy.2015.12.105,True,True,,uml.edu,,,,,,,,,
275,umu.se, ,2018-12-16 12:29:19 UTC,PMC OAI (NIH),10.1007/s11192-016-2097-9,False,True,second adress,umu.se,grid.12650.30,Umeå University,http://www.umu.se/english,www,umu,se,umu.se,,
276,umu.se, ,2018-12-16 12:29:19 UTC,PMC OAI (NIH),10.1007/s11192-016-2097-9,False,True,second adress,umu.se,grid.468467.f,Centre for Biomedical Engineering and Physics,http://www.cmtf.umu.se/WebSida.aspx?id=Startpage,www.cmtf,umu,se,umu.se,,
277,uni-graz.at,https://api.elsevier.com/content/article/PII:S0959652617307370?httpAccept=text/xml,2018-12-17 16:06:12 UTC,Elsevier XML,10.1016/j.jclepro.2017.04.030,False,True,more adresses,uni-graz.at,grid.5110.5,University of Graz,https://www.uni-graz.at/en/,www,uni-graz,at,uni-graz.at,,
278,uni-hamburg.de, ,2018-12-16 12:29:19 UTC,PMC OAI (NIH),10.1007/s13280-016-0766-9,True,True,,uni-hamburg.de,grid.9026.d,University of Hamburg,http://www.uni-hamburg.de/,www,uni-hamburg,de,uni-hamburg.de,,
279,uni-koeln.de, ,2018-12-16 12:29:19 UTC,PMC OAI (NIH),10.1042/bst20170265,True,True,,uni-koeln.de,grid.6190.e,University of Cologne,http://www.portal.uni-koeln.de/uoc_home.html?&L=1,www.portal,uni-koeln,de,uni-koeln.de,,
280,uni-koeln.de, ,2018-12-16 12:29:19 UTC,PMC OAI (NIH),10.1042/bst20170265,True,True,,uni-koeln.de,grid.452408.f,Cologne Excellence Cluster on Cellular Stress Responses in Aging Associated Diseases,http://cecad.uni-koeln.de/Home.393.0.html,cecad,uni-koeln,de,uni-koeln.de,,
281,uni-koeln.de, ,2018-12-16 12:29:19 UTC,PMC OAI (NIH),10.1042/bst20170265,True,True,,uni-koeln.de,grid.465289.4,Rhenish Institute for Environmental Research,http://www.eurad.uni-koeln.de/,www.eurad,uni-koeln,de,uni-koeln.de,,
282,uni-koeln.de, ,2018-12-16 12:29:19 UTC,PMC OAI (NIH),10.1042/bst20170265,True,True,,uni-koeln.de,grid.500260.1,Institute of Energy Economics at the University of Cologne,https://www.ewi.uni-koeln.de/en/,www.ewi,uni-koeln,de,uni-koeln.de,,
283,unich.it,https://api.elsevier.com/content/article/PII:S0168365918301378?httpAccept=text/xml,2018-12-17 16:06:12 UTC,Elsevier XML,10.1016/j.jconrel.2018.03.016,True,True,,unich.it,grid.412451.7,University of Chieti-Pescara,http://www.unich.it/,www,unich,it,unich.it,,
284,unige.ch,http://harvest.aps.org/v2/journals/articles/10.1103/PhysRevA.87.061801/fulltext,2019-01-12 15:15:16 UTC,APS TDM,10.1103/physreva.87.061801,False,True,second adress,unige.ch,grid.8591.5,University of Geneva,http://www.unige.ch/international/index_en.html,www,unige,ch,unige.ch,,
285,unimelb.edu.au,https://api.elsevier.com/content/article/PII:S0301051118303776?httpAccept=text/xml,2018-12-17 16:06:12 UTC,Elsevier XML,10.1016/j.biopsycho.2018.09.002,True,True,,unimelb.edu.au,grid.1008.9,University of Melbourne,http://www.unimelb.edu.au/,www,unimelb,edu.au,unimelb.edu.au,,
286,univie.ac.at, ,2018-12-16 12:29:19 UTC,PMC OAI (NIH),10.1021/acsnano.6b08287,True,True,,univie.ac.at,grid.10420.37,University of Vienna,https://www.univie.ac.at/en/,www,univie,ac.at,univie.ac.at,,
287,usal.es,https://api.elsevier.com/content/article/PII:S0091674918303051?httpAccept=text/xml,2018-12-17 16:06:12 UTC,Elsevier XML,10.1016/j.jaci.2018.02.017,True,True,,usal.es,grid.11762.33,University of Salamanca,http://www.usal.es/webusal/en,www,usal,es,usal.es,,
288,utoronto.ca,https://api.elsevier.com/content/article/PII:S1386505617304252?httpAccept=text/xml,2018-12-17 16:06:12 UTC,Elsevier XML,10.1016/j.ijmedinf.2017.11.011,False,True,"one author, several adresses",utoronto.ca,grid.440112.2,Canadian Society for Mesopotamian Studies,http://projects.chass.utoronto.ca/csms/,projects.chass,utoronto,ca,utoronto.ca,,
289,utoronto.ca,https://api.elsevier.com/content/article/PII:S1386505617304252?httpAccept=text/xml,2018-12-17 16:06:12 UTC,Elsevier XML,10.1016/j.ijmedinf.2017.11.011,False,True,"one author, several adresses",utoronto.ca,grid.17063.33,University of Toronto,http://www.utoronto.ca/,www,utoronto,ca,utoronto.ca,,
290,utu.fi,https://api.elsevier.com/content/article/PII:S0022399917300612?httpAccept=text/xml,2018-12-17 16:06:12 UTC,Elsevier XML,10.1016/j.jpsychores.2017.07.003,True,True,,utu.fi,grid.1374.1,University of Turku,http://www.utu.fi/en/Pages/home.aspx,www,utu,fi,utu.fi,,
291,uva.nl, ,2018-12-16 12:29:19 UTC,PMC OAI (NIH),10.3758/s13428-018-1046-3,True,True,,uva.nl,grid.7177.6,University of Amsterdam,http://www.uva.nl/en/home,www,uva,nl,uva.nl,,
292,uva.nl,http://link.springer.com/article/10.1007/s11005-016-0928-5/fulltext.html,2018-12-18 08:00:29 UTC,Springer HTML,10.1007/s11005-016-0928-5,True,True,,uva.nl,grid.450166.0,Nederlands Instituut voor Wetenschappelijke Informatiediensten,http://cf.hum.uva.nl/nhl/bizon/niwi.htm,cf.hum,uva,nl,uva.nl,,
293,uva.nl,http://link.springer.com/article/10.1007/s11005-016-0928-5/fulltext.html,2018-12-18 08:00:29 UTC,Springer HTML,10.1007/s11005-016-0928-5,True,True,,uva.nl,grid.7177.6,University of Amsterdam,http://www.uva.nl/en/home,www,uva,nl,uva.nl,,
294,uva.nl, ,2018-12-16 12:29:19 UTC,PMC OAI (NIH),10.3758/s13428-018-1046-3,True,True,,uva.nl,grid.450166.0,Nederlands Instituut voor Wetenschappelijke Informatiediensten,http://cf.hum.uva.nl/nhl/bizon/niwi.htm,cf.hum,uva,nl,uva.nl,,
295,uzh.ch,https://api.elsevier.com/content/article/PII:S0094576514001799?httpAccept=text/xml,2018-12-17 16:06:12 UTC,Elsevier XML,10.1016/j.actaastro.2014.05.019,False,True,"one author, several adresses",uzh.ch,grid.7400.3,University of Zurich,http://www.uzh.ch/index_en.html,www,uzh,ch,uzh.ch,,
296,uzh.ch,https://api.elsevier.com/content/article/PII:S0094576514001799?httpAccept=text/xml,2018-12-17 16:06:12 UTC,Elsevier XML,10.1016/j.actaastro.2014.05.019,False,True,"one author, several adresses",uzh.ch,grid.412341.1,University Children's Hospital Zurich,https://www.kispi.uzh.ch/,www.kispi,uzh,ch,uzh.ch,,
297,vgregion.se, ,2018-12-16 12:29:19 UTC,PMC OAI (NIH),10.1007/s00266-016-0684-z,True,True,,vgregion.se,grid.468026.e,Södra Älvsborg Hospital,http://www.vgregion.se/en/sas/English/Sodra-Alvsborg-Hospital/,www,vgregion,se,vgregion.se,,
298,vgregion.se, ,2018-12-16 12:29:19 UTC,PMC OAI (NIH),10.1007/s00266-016-0684-z,True,True,,vgregion.se,grid.415366.3,Folktandvården Kyrkbyn,http://www.vgregion.se/en/folktandvarden/Folktandvarden-Vastra-Gotaland/,www,vgregion,se,vgregion.se,,
299,vgregion.se, ,2018-12-16 12:29:19 UTC,PMC OAI (NIH),10.1007/s00266-016-0684-z,True,True,,vgregion.se,grid.452005.6,Västra Götaland Regional Council,http://www.vgregion.se/en/Vastra-Gotalandsregionen/Home/,www,vgregion,se,vgregion.se,,
300,vgregion.se, ,2018-12-16 12:29:19 UTC,PMC OAI (NIH),10.1007/s00266-016-0684-z,True,True,,vgregion.se,grid.416029.8,Skaraborg Hospital,http://www.vgregion.se/skas,www,vgregion,se,vgregion.se,,
301,vgregion.se, ,2018-12-16 12:29:19 UTC,PMC OAI (NIH),10.1007/s00266-016-0684-z,True,True,,vgregion.se,grid.466872.9,Kungälvs sjukhus,http://www.vgregion.se/sv/Kungalvs-sjukhus/Kungalvs-sjukhus1/,www,vgregion,se,vgregion.se,,
302,vgregion.se, ,2018-12-16 12:29:19 UTC,PMC OAI (NIH),10.1007/s00266-016-0684-z,True,True,,vgregion.se,grid.413652.7,Kärnsjukhuset i Skövde,http://www.vgregion.se/skas,www,vgregion,se,vgregion.se,,
303,vumc.nl, ,2018-12-16 12:29:19 UTC,PMC OAI (NIH),10.1007/s00520-016-3148-8,False,True,more adresses,vumc.nl,grid.16872.3a,VU University Medical Center,http://www.vumc.nl/,www,vumc,nl,vumc.nl,,
304,wa.amu.edu.pl, ,2018-12-16 12:29:19 UTC,PMC OAI (NIH),10.1007/s10936-017-9552-5,True,True,,amu.edu.pl,grid.5633.3,Adam Mickiewicz University in Poznań,http://amu.edu.pl/,,amu,edu.pl,amu.edu.pl,,
305,who-umc.org, ,2018-12-16 12:29:19 UTC,PMC OAI (NIH),10.1007/s40264-016-0456-3,True,True,,who-umc.org,grid.420224.2,Uppsala Monitoring Centre,http://www.who-umc.org/,www,who-umc,org,who-umc.org,,
306,wip.pcz.pl,http://link.springer.com/article/10.1007/s12598-017-0917-6/fulltext.html,2018-12-18 08:00:29 UTC,Springer HTML,10.1007/s12598-017-0917-6,True,True,,pcz.pl,grid.34197.38,Częstochowa University of Technology,http://www.pcz.pl/english/,www,pcz,pl,pcz.pl,,
307,wip.pcz.pl,http://link.springer.com/article/10.1007/s10909-016-1571-3/fulltext.html,2018-12-18 08:00:29 UTC,Springer HTML,10.1007/s10909-016-1571-3,True,True,,pcz.pl,grid.34197.38,Częstochowa University of Technology,http://www.pcz.pl/english/,www,pcz,pl,pcz.pl,,
308,wp.pl,http://link.springer.com/article/10.1007/s00190-018-1216-1/fulltext.html,2018-12-18 08:00:29 UTC,Springer HTML,10.1007/s00190-018-1216-1,True,True,,wp.pl,,,,,,,,,
309,wur.nl,https://api.elsevier.com/content/article/PII:S0043135418304846?httpAccept=text/xml,2018-12-17 16:06:12 UTC,Elsevier XML,10.1016/j.watres.2018.06.034,True,True,,wur.nl,,,,,,,,,
310,xmu.edu.cn,http://link.springer.com/article/10.1007/s10936-018-9575-6/fulltext.html,2019-01-04 14:40:57 UTC,Springer HTML,10.1007/s10936-018-9575-6,True,True,,xmu.edu.cn,grid.12955.3a,Xiamen University,http://std.xmu.edu.cn/std_en/,std,xmu,edu.cn,xmu.edu.cn,,
311,yahoo.co.jp, ,2018-12-16 12:29:19 UTC,PMC OAI (NIH),10.1002/bjs.10412,True,True,,yahoo.co.jp,,,,,,,,,
312,yahoo.com, ,2018-12-16 12:29:19 UTC,PMC OAI (NIH),10.1007/s40264-017-0505-6,True,True,,yahoo.com,grid.473825.f,Yahoo (United Kingdom),https://uk.yahoo.com/,uk,yahoo,com,yahoo.com,,
313,yahoo.com,https://api.elsevier.com/content/article/PII:S0960076016301029?httpAccept=text/xml,2018-12-17 16:06:12 UTC,Elsevier XML,10.1016/j.jsbmb.2016.04.006,False,True,more adresses,yahoo.com,grid.473825.f,Yahoo (United Kingdom),https://uk.yahoo.com/,uk,yahoo,com,yahoo.com,,
314,yahoo.com, ,2018-12-16 12:29:19 UTC,PMC OAI (NIH),10.1007/s40264-017-0505-6,True,True,,yahoo.com,grid.426479.a,Yahoo (Spain),https://es.yahoo.com/,es,yahoo,com,yahoo.com,,
315,yahoo.com,https://api.elsevier.com/content/article/PII:S0960076016301029?httpAccept=text/xml,2018-12-17 16:06:12 UTC,Elsevier XML,10.1016/j.jsbmb.2016.04.006,False,True,more adresses,yahoo.com,grid.426479.a,Yahoo (Spain),https://es.yahoo.com/,es,yahoo,com,yahoo.com,,
316,yahoo.com,https://api.elsevier.com/content/article/PII:S0960076016301029?httpAccept=text/xml,2018-12-17 16:06:12 UTC,Elsevier XML,10.1016/j.jsbmb.2016.04.006,False,True,more adresses,yahoo.com,grid.471324.7,Yahoo (United States),https://in.yahoo.com/,in,yahoo,com,yahoo.com,,
317,yahoo.com, ,2018-12-16 12:29:19 UTC,PMC OAI (NIH),10.1007/s40264-017-0505-6,True,True,,yahoo.com,grid.471324.7,Yahoo (United States),https://in.yahoo.com/,in,yahoo,com,yahoo.com,,
318,yale.edu,https://api.elsevier.com/content/article/PII:S0960982218309199?httpAccept=text/xml,2018-12-17 16:06:12 UTC,Elsevier XML,10.1016/j.cub.2018.07.020,False,True,more adresses,yale.edu,grid.47100.32,Yale University,http://www.yale.edu,www,yale,edu,yale.edu,,
319,yale.edu,https://api.elsevier.com/content/article/PII:S0960982218309199?httpAccept=text/xml,2018-12-17 16:06:12 UTC,Elsevier XML,10.1016/j.cub.2018.07.020,False,True,more adresses,yale.edu,grid.249445.a,Haskins Laboratories,http://www.haskins.yale.edu/,www.haskins,yale,edu,yale.edu,,
320,yokohama-cu.ac.jp,https://api.elsevier.com/content/article/PII:S1368837518300472?httpAccept=text/xml,2018-12-17 16:06:12 UTC,Elsevier XML,10.1016/j.oraloncology.2018.02.002,True,True,,yokohama-cu.ac.jp,grid.470126.6,Yokohama City University Hospital,http://www.yokohama-cu.ac.jp/fukuhp/,www,yokohama-cu,ac.jp,yokohama-cu.ac.jp,,
321,yokohama-cu.ac.jp,https://api.elsevier.com/content/article/PII:S1368837518300472?httpAccept=text/xml,2018-12-17 16:06:12 UTC,Elsevier XML,10.1016/j.oraloncology.2018.02.002,True,True,,yokohama-cu.ac.jp,grid.268441.d,Yokohama City University,http://www.yokohama-cu.ac.jp/index-e.html,www,yokohama-cu,ac.jp,yokohama-cu.ac.jp,,
322,yokohama-cu.ac.jp,https://api.elsevier.com/content/article/PII:S1368837518300472?httpAccept=text/xml,2018-12-17 16:06:12 UTC,Elsevier XML,10.1016/j.oraloncology.2018.02.002,True,True,,yokohama-cu.ac.jp,grid.413045.7,Yokohama City University Medical Center,http://www.yokohama-cu.ac.jp/urahp/,www,yokohama-cu,ac.jp,yokohama-cu.ac.jp,,
323,yokohama-cu.ac.jp,https://api.elsevier.com/content/article/PII:S1368837518300472?httpAccept=text/xml,2018-12-17 16:06:12 UTC,Elsevier XML,10.1016/j.oraloncology.2018.02.002,True,True,,yokohama-cu.ac.jp,grid.471657.6,Kihara Institute for Biological Research,http://www.yokohama-cu.ac.jp/kihara/,www,yokohama-cu,ac.jp,yokohama-cu.ac.jp,,
324,zoetis.com,https://api.elsevier.com/content/article/PII:S0165242713002948?httpAccept=text/xml,2018-12-17 16:06:12 UTC,Elsevier XML,10.1016/j.vetimm.2013.10.017,True,True,,zoetis.com,,,,,,,,,
