,email,tdm_url,time_stamp,mine_method,doi,recall,precision,comment,mail_host,grid_id,name,link,subdomain,domain,suffix,host
0,aau.in, ,2018-12-16 12:29:19 UTC,PMC OAI (NIH),10.1007/s13205-015-0351-0,False,True,more adresses,aau.in,grid.411373.3,Anand Agricultural University,http://www.aau.in/,www,aau,in,aau.in
1,adm.cgmh.org.tw, ,2018-12-16 12:29:19 UTC,PMC OAI (NIH),10.1007/s12032-018-1181-9,True,True,,cgmh.org.tw,grid.454209.e,Keelung Chang Gung Memorial Hospital,https://www.cgmh.org.tw/branch/branch_kel.htm,www,cgmh,org.tw,cgmh.org.tw
2,agh.edu.pl,http://link.springer.com/article/10.1007/s11784-016-0288-x/fulltext.html,2018-12-18 08:00:29 UTC,Springer HTML,10.1007/s11784-016-0288-x,True,True,,agh.edu.pl,grid.9922.0,AGH University of Science and Technology,http://www.agh.edu.pl/en,www,agh,edu.pl,agh.edu.pl
3,amc.nl, ,2018-12-16 12:29:19 UTC,PMC OAI (NIH),10.1007/s00464-015-4694-8,True,True,,amc.nl,grid.5650.6,Academic Medical Center,https://www.amc.nl/web/Zorg.htm,www,amc,nl,amc.nl
4,amc.uva.nl,http://link.springer.com/article/10.1007/s11764-018-0690-z/fulltext.html,2019-01-04 14:40:57 UTC,Springer HTML,10.1007/s11764-018-0690-z,True,True,,uva.nl,grid.7177.6,University of Amsterdam,http://www.uva.nl/en/home,www,uva,nl,uva.nl
5,amc.uva.nl, ,2018-12-16 12:29:19 UTC,PMC OAI (NIH),10.1007/s00167-016-4062-9,True,True,,uva.nl,grid.7177.6,University of Amsterdam,http://www.uva.nl/en/home,www,uva,nl,uva.nl
6,amc.uva.nl,https://api.wiley.com/onlinelibrary/tdm/v1/articles/10.1111%2Fadd.14500,2019-01-14 09:48:52 UTC,Wiley PDF,10.1111/add.14500,True,True,,uva.nl,grid.7177.6,University of Amsterdam,http://www.uva.nl/en/home,www,uva,nl,uva.nl
7,uva.nl, ,2018-12-16 12:29:19 UTC,PMC OAI (NIH),10.3758/s13428-018-1046-3,True,True,,uva.nl,grid.7177.6,University of Amsterdam,http://www.uva.nl/en/home,www,uva,nl,uva.nl
8,uva.nl,http://link.springer.com/article/10.1007/s11005-016-0928-5/fulltext.html,2018-12-18 08:00:29 UTC,Springer HTML,10.1007/s11005-016-0928-5,True,True,,uva.nl,grid.7177.6,University of Amsterdam,http://www.uva.nl/en/home,www,uva,nl,uva.nl
9,amu.edu.pl,http://link.springer.com/article/10.1007/s00340-016-6429-5/fulltext.html,2018-12-18 08:00:29 UTC,Springer HTML,10.1007/s00340-016-6429-5,True,True,,amu.edu.pl,grid.5633.3,Adam Mickiewicz University in Poznań,http://amu.edu.pl/,,amu,edu.pl,amu.edu.pl
10,wa.amu.edu.pl, ,2018-12-16 12:29:19 UTC,PMC OAI (NIH),10.1007/s10936-017-9552-5,True,True,,amu.edu.pl,grid.5633.3,Adam Mickiewicz University in Poznań,http://amu.edu.pl/,,amu,edu.pl,amu.edu.pl
11,aok.pte.hu,https://api.wiley.com/onlinelibrary/tdm/v1/articles/10.1002%2Felps.201800378,2019-01-03 18:07:39 UTC,Wiley PDF,10.1002/elps.201800378,True,True,,pte.hu,grid.9679.1,University of Pecs,http://pte.hu/english,,pte,hu,pte.hu
12,astrazeneca.com, ,2018-12-16 12:29:19 UTC,PMC OAI (NIH),10.1107/s2059798316004502,False,True,more adresses,astrazeneca.com,grid.467208.f,AstraZeneca (South Korea),https://www.astrazeneca.com,www,astrazeneca,com,astrazeneca.com
13,bartshealth.nhs.uk, ,2018-12-16 12:29:19 UTC,PMC OAI (NIH),10.1007/s00441-017-2576-1,False,True,more adresses,bartshealth.nhs.uk,grid.139534.9,Barts Health NHS Trust,http://www.bartshealth.nhs.uk/,www,bartshealth,nhs.uk,bartshealth.nhs.uk
14,bath.ac.uk,https://api.elsevier.com/content/article/PII:S0926337315000624?httpAccept=text/xml,2018-12-17 16:06:12 UTC,Elsevier XML,10.1016/j.apcatb.2015.02.011,True,True,,bath.ac.uk,grid.7340.0,University of Bath,http://www.bath.ac.uk/,www,bath,ac.uk,bath.ac.uk
15,bc3research.org,https://api.elsevier.com/content/article/PII:S1462901117309978?httpAccept=text/xml,2018-12-17 16:06:12 UTC,Elsevier XML,10.1016/j.envsci.2018.01.017,False,True,more adresses,bc3research.org,grid.423984.0,Basque Centre for Climate Change,http://www.bc3research.org/,www,bc3research,org,bc3research.org
16,biofilm.montana.edu, ,2018-12-16 12:29:19 UTC,PMC OAI (NIH),10.1007/s00253-017-8724-4,True,True,,montana.edu,grid.460394.c,Montana State University System,http://www.montana.edu/about/system.html,www,montana,edu,montana.edu
17,brown.edu,https://api.elsevier.com/content/article/PII:S1053811915009490?httpAccept=text/xml,2018-12-17 16:06:12 UTC,Elsevier XML,10.1016/j.neuroimage.2015.10.038,True,True,,brown.edu,grid.40263.33,Brown University,http://www.brown.edu/,www,brown,edu,brown.edu
18,bruker.com,http://link.springer.com/article/10.1007/s11837-018-2752-0/fulltext.html,2018-12-18 08:00:29 UTC,Springer HTML,10.1007/s11837-018-2752-0,True,True,,bruker.com,grid.423270.0,Bruker (United States),https://www.bruker.com/,www,bruker,com,bruker.com
19,brunel.ac.uk,https://api.elsevier.com/content/article/PII:S0028393214000943?httpAccept=text/xml,2018-12-17 16:06:12 UTC,Elsevier XML,10.1016/j.neuropsychologia.2014.03.009,True,True,,brunel.ac.uk,grid.7728.a,Brunel University London,http://www.brunel.ac.uk/,www,brunel,ac.uk,brunel.ac.uk
20,bsi.ru.nl, ,2018-12-16 12:29:19 UTC,PMC OAI (NIH),10.1007/s00213-016-4332-8,True,True,,ru.nl,grid.5590.9,Radboud University Nijmegen,http://www.ru.nl/english/,www,ru,nl,ru.nl
21,caas.cn, ,2018-12-16 12:29:19 UTC,PMC OAI (NIH),10.1093/jxb/erx382,True,True,,caas.cn,grid.469586.0,Institute of Pomology,http://ip.caas.cn/,ip,caas,cn,caas.cn
22,cam.ac.uk,https://api.elsevier.com/content/article/PII:S1550413118301311?httpAccept=text/xml,2018-12-17 16:06:12 UTC,Elsevier XML,10.1016/j.cmet.2018.02.020,True,True,,cam.ac.uk,grid.5335.0,University of Cambridge,http://www.cam.ac.uk/,www,cam,ac.uk,cam.ac.uk
23,cam.ac.uk,http://link.springer.com/article/10.1007/s12520-018-0694-7/fulltext.html,2018-12-18 08:00:29 UTC,Springer HTML,10.1007/s12520-018-0694-7,True,True,,cam.ac.uk,grid.5335.0,University of Cambridge,http://www.cam.ac.uk/,www,cam,ac.uk,cam.ac.uk
24,cam.ac.uk,http://link.springer.com/article/10.1007/s10708-016-9719-x/fulltext.html,2018-12-18 08:00:29 UTC,Springer HTML,10.1007/s10708-016-9719-x,True,True,,cam.ac.uk,grid.5335.0,University of Cambridge,http://www.cam.ac.uk/,www,cam,ac.uk,cam.ac.uk
25,cardiff.ac.uk, ,2018-12-16 12:29:19 UTC,PMC OAI (NIH),10.1007/s12031-018-1083-5,True,True,,cardiff.ac.uk,grid.5600.3,Cardiff University,http://www.cardiff.ac.uk/,www,cardiff,ac.uk,cardiff.ac.uk
26,cardiov.ox.ac.uk, ,2018-12-16 12:29:19 UTC,PMC OAI (NIH),10.1002/mrm.26213,True,True,,ox.ac.uk,grid.4991.5,University of Oxford,http://www.ox.ac.uk/,www,ox,ac.uk,ox.ac.uk
27,spi.ox.ac.uk,https://api.elsevier.com/content/article/PII:S0145213417302958?httpAccept=text/xml,2018-12-17 16:06:12 UTC,Elsevier XML,10.1016/j.chiabu.2017.08.016,False,True,more adresses,ox.ac.uk,grid.4991.5,University of Oxford,http://www.ox.ac.uk/,www,ox,ac.uk,ox.ac.uk
28,strubi.ox.ac.uk,https://api.elsevier.com/content/article/PII:S0969212614000379?httpAccept=text/xml,2018-12-17 16:06:12 UTC,Elsevier XML,10.1016/j.str.2014.01.009,True,True,,ox.ac.uk,grid.4991.5,University of Oxford,http://www.ox.ac.uk/,www,ox,ac.uk,ox.ac.uk
29,cdc.gov,https://api.elsevier.com/content/article/PII:S0749379715005164?httpAccept=text/xml,2018-12-17 16:06:12 UTC,Elsevier XML,10.1016/j.amepre.2015.08.026,True,True,,cdc.gov,grid.419261.9,National Center for Infectious Diseases,http://www.cdc.gov/ncidod,www,cdc,gov,cdc.gov
30,cern.ch,https://api.wiley.com/onlinelibrary/tdm/v1/articles/10.1002%2Ftea.21442,2019-01-03 18:07:39 UTC,Wiley PDF,10.1002/tea.21442,True,True,,cern.ch,grid.9132.9,European Organization for Nuclear Research,http://home.web.cern.ch/,home.web,cern,ch,cern.ch
31,cms.caltech.edu,http://link.springer.com/article/10.1186/s40687-017-0113-1/fulltext.html,2018-12-18 08:00:29 UTC,Springer HTML,10.1186/s40687-017-0113-1,True,True,,caltech.edu,grid.20861.3d,California Institute of Technology,http://www.caltech.edu/,www,caltech,edu,caltech.edu
32,cos.uni-heidelberg.de,https://api.elsevier.com/content/article/PII:S1369526614001447?httpAccept=text/xml,2018-12-17 16:06:12 UTC,Elsevier XML,10.1016/j.pbi.2014.10.010,True,True,,uni-heidelberg.de,grid.7700.0,Heidelberg University,http://www.uni-heidelberg.de/index_e.html,www,uni-heidelberg,de,uni-heidelberg.de
33,crc.jussieu.fr,https://api.elsevier.com/content/article/PII:S0014482715301038?httpAccept=text/xml,2018-12-17 16:06:12 UTC,Elsevier XML,10.1016/j.yexcr.2015.09.018,True,True,,jussieu.fr,grid.417925.c,Centre de Recherche des Cordeliers,http://www.crc.jussieu.fr/en,www.crc,jussieu,fr,jussieu.fr
34,cuhk.edu.hk, ,2018-12-16 12:29:19 UTC,PMC OAI (NIH),10.1007/s11892-016-0821-8,True,True,,cuhk.edu.hk,grid.10784.3a,Chinese University of Hong Kong,http://www.cuhk.edu.hk/english/index.html,www,cuhk,edu.hk,cuhk.edu.hk
35,duke-nus.edu.sg,https://api.elsevier.com/content/article/PII:S1053811917301040?httpAccept=text/xml,2018-12-17 16:06:12 UTC,Elsevier XML,10.1016/j.neuroimage.2017.01.080,True,True,,duke-nus.edu.sg,grid.428397.3,Duke NUS Graduate Medical School,https://www.duke-nus.edu.sg/,www,duke-nus,edu.sg,duke-nus.edu.sg
36,duke.edu, ,2018-12-16 12:29:19 UTC,PMC OAI (NIH),10.1093/infdis/jiy008,True,True,,duke.edu,grid.26009.3d,Duke University,http://www.duke.edu/,www,duke,edu,duke.edu
37,dwc.doshisha.ac.jp,https://api.elsevier.com/content/article/PII:S1083879116302245?httpAccept=text/xml,2018-12-17 16:06:12 UTC,Elsevier XML,10.1016/j.bbmt.2016.07.008,True,True,,doshisha.ac.jp,grid.255178.c,Doshisha University,https://www.doshisha.ac.jp/en/,www,doshisha,ac.jp,doshisha.ac.jp
38,ebc.uu.se,https://api.elsevier.com/content/article/PII:S0960982215004005?httpAccept=text/xml,2018-12-17 16:06:12 UTC,Elsevier XML,10.1016/j.cub.2015.03.047,True,True,,uu.se,grid.8993.b,Uppsala University,https://www.uu.se/en/,www,uu,se,uu.se
39,psyk.uu.se, ,2018-12-16 12:29:19 UTC,PMC OAI (NIH),10.1007/s10803-016-2955-6,True,True,,uu.se,grid.8993.b,Uppsala University,https://www.uu.se/en/,www,uu,se,uu.se
40,ec.europa.eu,http://link.springer.com/article/10.1007/s11187-018-0017-5/fulltext.html,2018-12-18 08:00:29 UTC,Springer HTML,10.1007/s11187-018-0017-5,True,True,,europa.eu,grid.453396.e,European Union,http://europa.eu/index_en.htm,,europa,eu,europa.eu
41,ecust.edu.cn,http://pubs.acs.org/doi/pdf/10.1021/acs.jmedchem.5b01984,2019-01-13 12:40:30 UTC,ACS TDM,10.1021/acs.jmedchem.5b01984,False,True,second adress,ecust.edu.cn,grid.28056.39,East China University of Science and Technology,http://www.ecust.edu.cn/s/2/t/209/main.htm,www,ecust,edu.cn,ecust.edu.cn
42,ed.ac.uk,https://api.elsevier.com/content/article/PII:S0167587718302435?httpAccept=text/xml,2018-12-17 16:06:12 UTC,Elsevier XML,10.1016/j.prevetmed.2018.09.010,False,True,second adress,ed.ac.uk,grid.4305.2,University of Edinburgh,http://www.ed.ac.uk/home,www,ed,ac.uk,ed.ac.uk
43,email.arizona.edu,https://api.elsevier.com/content/article/PII:S0306452218300770?httpAccept=text/xml,2018-12-17 16:06:12 UTC,Elsevier XML,10.1016/j.neuroscience.2018.01.047,True,True,,arizona.edu,grid.134563.6,University of Arizona,http://www.arizona.edu/,www,arizona,edu,arizona.edu
44,emr.ac.uk,https://api.wiley.com/onlinelibrary/tdm/v1/articles/10.1111%2Fnph.15182,2019-01-03 18:07:39 UTC,Wiley PDF,10.1111/nph.15182,True,True,,emr.ac.uk,grid.420822.e,East Malling Research (United Kingdom),http://www.emr.ac.uk/,www,emr,ac.uk,emr.ac.uk
45,epfl.ch,https://api.elsevier.com/content/article/PII:S0097849316300218?httpAccept=text/xml,2018-12-17 16:06:12 UTC,Elsevier XML,10.1016/j.cag.2016.03.008,True,True,,epfl.ch,grid.5333.6,École Polytechnique Fédérale de Lausanne,http://www.epfl.ch/index.en.html,www,epfl,ch,epfl.ch
46,erasmusmc.nl,https://api.elsevier.com/content/article/PII:S0928098717300490?httpAccept=text/xml,2018-12-17 16:06:12 UTC,Elsevier XML,10.1016/j.ejps.2017.01.025,True,True,,erasmusmc.nl,grid.5645.2,Erasmus University Medical Center,http://www.erasmusmc.nl/,www,erasmusmc,nl,erasmusmc.nl
47,exeter.ac.uk,https://api.elsevier.com/content/article/PII:S0029801817302433?httpAccept=text/xml,2018-12-17 16:06:12 UTC,Elsevier XML,10.1016/j.oceaneng.2017.04.049,True,True,,exeter.ac.uk,grid.8391.3,University of Exeter,http://www.exeter.ac.uk/,www,exeter,ac.uk,exeter.ac.uk
48,exponent.com,https://api.elsevier.com/content/article/PII:S089062381730103X?httpAccept=text/xml,2018-12-17 16:06:12 UTC,Elsevier XML,10.1016/j.reprotox.2017.05.012,True,True,,exponent.com,grid.418983.f,Exponent (United States),http://www.exponent.com/,www,exponent,com,exponent.com
49,fz-juelich.de,https://api.elsevier.com/content/article/PII:S0168900217308392?httpAccept=text/xml,2018-12-17 16:06:12 UTC,Elsevier XML,10.1016/j.nima.2017.07.064,True,True,,fz-juelich.de,grid.8385.6,Forschungszentrum Jülich,http://www.fz-juelich.de/portal/EN/Home/home_node.html,www,fz-juelich,de,fz-juelich.de
50,fz-juelich.de,https://api.wiley.com/onlinelibrary/tdm/v1/articles/10.1002%2Fadfm.201702282,2019-01-03 18:07:39 UTC,Wiley PDF,10.1002/adfm.201702282,False,True,second adress,fz-juelich.de,grid.8385.6,Forschungszentrum Jülich,http://www.fz-juelich.de/portal/EN/Home/home_node.html,www,fz-juelich,de,fz-juelich.de
51,hc-sc.gc.ca, ,2018-12-16 12:29:19 UTC,PMC OAI (NIH),10.1007/s00204-016-1891-8,True,True,,hc-sc.gc.ca,grid.57544.37,Health Canada,http://www.hc-sc.gc.ca/index-eng.php,www,hc-sc,gc.ca,hc-sc.gc.ca
52,helsinki.fi,http://link.springer.com/article/10.1007/s00181-018-1582-9/fulltext.html,2018-12-18 08:00:29 UTC,Springer HTML,10.1007/s00181-018-1582-9,True,True,,helsinki.fi,grid.7737.4,University of Helsinki,https://university.helsinki.fi/en,university,helsinki,fi,helsinki.fi
53,houstonmethodist.org,https://api.elsevier.com/content/article/PII:S0161642017317840?httpAccept=text/xml,2018-12-17 16:06:12 UTC,Elsevier XML,10.1016/j.ophtha.2017.09.001,True,True,,houstonmethodist.org,grid.63368.38,Houston Methodist,http://www.houstonmethodist.org/?sl=general&gclid=COK5taLm4cYCFUvItAodWqcNSQ,www,houstonmethodist,org,houstonmethodist.org
54,houstonmethodist.org, ,2018-12-16 12:29:19 UTC,PMC OAI (NIH),10.1007/s11605-017-3379-0,True,True,,houstonmethodist.org,grid.63368.38,Houston Methodist,http://www.houstonmethodist.org/?sl=general&gclid=COK5taLm4cYCFUvItAodWqcNSQ,www,houstonmethodist,org,houstonmethodist.org
55,hsph.harvard.edu, ,2018-12-16 12:29:19 UTC,PMC OAI (NIH),10.1093/cid/ciy097,True,True,,harvard.edu,grid.38142.3c,Harvard University,http://www.harvard.edu/,www,harvard,edu,harvard.edu
56,hsph.harvard.edu,https://api.elsevier.com/content/article/PII:S0749379716303129?httpAccept=text/xml,2018-12-17 16:06:12 UTC,Elsevier XML,10.1016/j.amepre.2016.08.006,True,True,,harvard.edu,grid.38142.3c,Harvard University,http://www.harvard.edu/,www,harvard,edu,harvard.edu
57,hw.ac.uk,http://link.springer.com/article/10.1007/s10236-016-0958-7/fulltext.html,2018-12-18 08:00:29 UTC,Springer HTML,10.1007/s10236-016-0958-7,True,True,,hw.ac.uk,grid.9531.e,Heriot-Watt University,http://www.hw.ac.uk/,www,hw,ac.uk,hw.ac.uk
58,i-med.ac.at, ,2018-12-16 12:29:19 UTC,PMC OAI (NIH),10.1007/s40134-017-0256-2,False,True,more adresses,i-med.ac.at,grid.5361.1,Innsbruck Medical University,https://www.i-med.ac.at/mypoint/,www,i-med,ac.at,i-med.ac.at
59,icddrb.org,https://api.elsevier.com/content/article/PII:S1473309918301087?httpAccept=text/xml,2018-12-17 16:06:12 UTC,Elsevier XML,10.1016/s1473-3099(18)30108-7,True,True,,icddrb.org,grid.414142.6,International Centre for Diarrhoeal Disease Research,http://www.icddrb.org/,www,icddrb,org,icddrb.org
60,icr.ac.uk,https://api.elsevier.com/content/article/PII:S0959437X14001464?httpAccept=text/xml,2018-12-17 16:06:12 UTC,Elsevier XML,10.1016/j.gde.2014.12.001,True,True,,icr.ac.uk,grid.18886.3f,Institute of Cancer Research,http://www.icr.ac.uk/,www,icr,ac.uk,icr.ac.uk
61,ifom.eu,https://api.elsevier.com/content/article/PII:S1568786414002195?httpAccept=text/xml,2018-12-17 16:06:12 UTC,Elsevier XML,10.1016/j.dnarep.2014.08.003,False,True,more adresses,ifom.eu,grid.7678.e,FIRC Institute of Molecular Oncology,https://www.ifom.eu/en/oncology-institute/ifom-firc.php,www,ifom,eu,ifom.eu
62,imdik.pan.pl,https://api.wiley.com/onlinelibrary/tdm/v1/articles/10.1111%2Fsms.12687,2019-01-03 18:07:39 UTC,Wiley PDF,10.1111/sms.12687,True,True,,pan.pl,grid.413454.3,Polish Academy of Sciences,http://www.english.pan.pl/,www.english,pan,pl,pan.pl
63,imn.gliwice.pl,http://link.springer.com/article/10.1007/s11664-018-6811-7/fulltext.html,2019-01-04 14:40:57 UTC,Springer HTML,10.1007/s11664-018-6811-7,True,True,,gliwice.pl,grid.499058.9,Proen (Poland),http://proen.gliwice.pl/,proen,gliwice,pl,gliwice.pl
64,imperial.ac.uk,https://api.elsevier.com/content/article/PII:S0959440X1400075X?httpAccept=text/xml,2018-12-17 16:06:12 UTC,Elsevier XML,10.1016/j.sbi.2014.07.003,True,True,,imperial.ac.uk,grid.7445.2,Imperial College London,http://www3.imperial.ac.uk/,www3,imperial,ac.uk,imperial.ac.uk
65,imperial.ac.uk, ,2018-12-16 12:29:19 UTC,PMC OAI (NIH),10.1093/brain/awx354,True,True,,imperial.ac.uk,grid.7445.2,Imperial College London,http://www3.imperial.ac.uk/,www3,imperial,ac.uk,imperial.ac.uk
66,indiana.edu,https://api.elsevier.com/content/article/PII:S1053811917306912?httpAccept=text/xml,2018-12-17 16:06:12 UTC,Elsevier XML,10.1016/j.neuroimage.2017.08.044,True,True,,indiana.edu,grid.411377.7,Indiana University Bloomington,http://www.indiana.edu/,www,indiana,edu,indiana.edu
67,ing.uc3m.es, ,2018-12-16 12:29:19 UTC,PMC OAI (NIH),10.1007/s10494-017-9869-z,True,True,,uc3m.es,grid.7840.b,Carlos III University of Madrid,http://www.uc3m.es/Home,www,uc3m,es,uc3m.es
68,inrca.it,https://api.elsevier.com/content/article/PII:S0168851017302063?httpAccept=text/xml,2018-12-17 16:06:12 UTC,Elsevier XML,10.1016/j.healthpol.2017.08.006,True,True,,inrca.it,grid.418083.6,Istituto Nazionale di Riposo e Cura per Anziani,http://www.inrca.it/inrca/home.asp?ling=en,www,inrca,it,inrca.it
69,juntendo.ac.jp,https://api.wiley.com/onlinelibrary/tdm/v1/articles/10.1111%2Fdom.13593,2019-01-14 09:48:52 UTC,Wiley PDF,10.1111/dom.13593,True,True,,juntendo.ac.jp,grid.258269.2,Juntendo University,http://www.juntendo.ac.jp/english/,www,juntendo,ac.jp,juntendo.ac.jp
70,jyu.fi,http://link.springer.com/article/10.1007/s40520-018-1074-y/fulltext.html,2019-01-04 14:40:57 UTC,Springer HTML,10.1007/s40520-018-1074-y,True,True,,jyu.fi,grid.9681.6,University of Jyväskylä,https://www.jyu.fi/en/,www,jyu,fi,jyu.fi
71,kaust.edu.sa,http://stacks.iop.org/2053-1583/1/i=3/a=034001?key=crossref.0569a88dfb376568e675805a3d3d065a,2019-01-07 11:01:01 UTC,IOP TDM,10.1088/2053-1583/1/3/034001,True,True,,kaust.edu.sa,grid.45672.32,King Abdullah University of Science and Technology,http://www.kaust.edu.sa/,www,kaust,edu.sa,kaust.edu.sa
72,ki.se, ,2018-12-16 12:29:19 UTC,PMC OAI (NIH),10.1017/s0033291718000375,True,True,,ki.se,grid.4714.6,Karolinska Institute,http://ki.se/en/startpage,,ki,se,ki.se
73,kuleuven.be,https://api.elsevier.com/content/article/PII:S0305750X18300871?httpAccept=text/xml,2018-12-17 16:06:12 UTC,Elsevier XML,10.1016/j.worlddev.2018.03.006,False,True,more adresses,kuleuven.be,grid.5596.f,KU Leuven,http://www.kuleuven.be/english,www,kuleuven,be,kuleuven.be
74,med.kuleuven.be,https://api.elsevier.com/content/article/PII:S0016508516354877?httpAccept=text/xml,2018-12-17 16:06:12 UTC,Elsevier XML,10.1053/j.gastro.2016.10.046,True,True,,kuleuven.be,grid.5596.f,KU Leuven,http://www.kuleuven.be/english,www,kuleuven,be,kuleuven.be
75,lanl.gov,http://harvest.aps.org/v2/journals/articles/10.1103/PhysRevLett.120.211804/fulltext,2019-01-12 15:15:16 UTC,APS TDM,10.1103/physrevlett.120.211804,True,True,,lanl.gov,grid.148313.c,Los Alamos National Laboratory,http://lanl.gov/,,lanl,gov,lanl.gov
76,lbicr.lbg.ac.at, ,2018-12-16 12:29:19 UTC,PMC OAI (NIH),10.1038/s41375-017-0005-9,True,True,,lbg.ac.at,grid.419350.a,Ludwig Boltzmann Gesellschaft,http://www.lbg.ac.at/en,www,lbg,ac.at,lbg.ac.at
77,lboro.ac.uk,http://link.springer.com/article/10.1007/s00348-017-2473-0/fulltext.html,2018-12-18 08:00:29 UTC,Springer HTML,10.1007/s00348-017-2473-0,True,True,,lboro.ac.uk,grid.6571.5,Loughborough University,http://www.lboro.ac.uk/,www,lboro,ac.uk,lboro.ac.uk
78,leeds.ac.uk, ,2018-12-16 12:29:19 UTC,PMC OAI (NIH),10.1111/bju.14368,True,True,,leeds.ac.uk,grid.9909.9,University of Leeds,http://www.leeds.ac.uk/,www,leeds,ac.uk,leeds.ac.uk
79,lincoln.ac.uk, ,2018-12-16 12:29:19 UTC,PMC OAI (NIH),10.1007/s11031-017-9615-9,True,True,,lincoln.ac.uk,grid.36511.30,University of Lincoln,http://www.lincoln.ac.uk/home/,www,lincoln,ac.uk,lincoln.ac.uk
80,liv.ac.uk,https://api.elsevier.com/content/article/PII:S030442031500064X?httpAccept=text/xml,2018-12-17 16:06:12 UTC,Elsevier XML,10.1016/j.marchem.2015.03.010,True,True,,liv.ac.uk,grid.10025.36,University of Liverpool,http://www.liv.ac.uk/,www,liv,ac.uk,liv.ac.uk
81,ltu.se,http://link.springer.com/article/10.1007/s11831-018-09313-9/fulltext.html,2019-01-04 14:40:57 UTC,Springer HTML,10.1007/s11831-018-09313-9,True,True,,ltu.se,grid.6926.b,Luleå University of Technology,http://www.ltu.se/,www,ltu,se,ltu.se
82,mail.usask.ca,https://api.elsevier.com/content/article/PII:S0028390815301829?httpAccept=text/xml,2018-12-17 16:06:12 UTC,Elsevier XML,10.1016/j.neuropharm.2015.11.018,False,True,more adresses,usask.ca,grid.25152.31,University of Saskatchewan,https://www.usask.ca/,www,usask,ca,usask.ca
83,manchester.ac.uk,https://api.wiley.com/onlinelibrary/tdm/v1/articles/10.1111%2Fgeoj.12259,2019-01-03 18:07:39 UTC,Wiley PDF,10.1111/geoj.12259,True,True,,manchester.ac.uk,grid.5379.8,University of Manchester,http://www.manchester.ac.uk/,www,manchester,ac.uk,manchester.ac.uk
84,mcgill.ca, ,2018-12-16 12:29:19 UTC,PMC OAI (NIH),10.1007/s00335-018-9772-5,True,True,,mcgill.ca,grid.14709.3b,McGill University,http://www.mcgill.ca/,www,mcgill,ca,mcgill.ca
85,med.uni-muenchen.de, ,2019-01-06 09:58:31 UTC,PMC OAI (NIH),10.1093/annonc/mdy329,True,True,,uni-muenchen.de,grid.5252.0,Ludwig Maximilian University of Munich,http://www.en.uni-muenchen.de/index.html,www.en,uni-muenchen,de,uni-muenchen.de
86,medicine.tamhsc.edu,https://api.elsevier.com/content/article/PII:S0896841117301555?httpAccept=text/xml,2018-12-17 16:06:12 UTC,Elsevier XML,10.1016/j.jaut.2017.09.002,True,True,,tamhsc.edu,grid.416967.b,Texas A&M Health Science Center,http://tamhsc.edu/campuses/temple/,,tamhsc,edu,tamhsc.edu
87,meduniwien.ac.at,https://api.elsevier.com/content/article/PII:S1740674914000158?httpAccept=text/xml,2018-12-17 16:06:12 UTC,Elsevier XML,10.1016/j.ddtec.2014.03.009,True,True,,meduniwien.ac.at,grid.461839.1,Lehrkrankenhäuser,http://kpj.meduniwien.ac.at/lehrkrankenhaeuser/,kpj,meduniwien,ac.at,meduniwien.ac.at
88,meduniwien.ac.at, ,2018-12-16 12:29:19 UTC,PMC OAI (NIH),10.1007/s11999-016-4741-3,True,True,,meduniwien.ac.at,grid.461839.1,Lehrkrankenhäuser,http://kpj.meduniwien.ac.at/lehrkrankenhaeuser/,kpj,meduniwien,ac.at,meduniwien.ac.at
89,mentalhealth.org.uk,https://api.elsevier.com/content/article/PII:S0165032718301381?httpAccept=text/xml,2018-12-17 16:06:12 UTC,Elsevier XML,10.1016/j.jad.2018.05.010,False,True,more adresses,mentalhealth.org.uk,grid.474126.2,Mental Health Foundation,https://www.mentalhealth.org.uk/,www,mentalhealth,org.uk,mentalhealth.org.uk
90,mmk.su.se,http://pubs.acs.org/doi/pdf/10.1021/ct301019v,2019-01-13 12:40:30 UTC,ACS TDM,10.1021/ct301019v,True,True,,su.se,grid.10548.38,Stockholm University,http://www.su.se/english/,www,su,se,su.se
91,su.se, ,2018-12-16 12:29:19 UTC,PMC OAI (NIH),10.1007/s00441-016-2463-1,True,True,,su.se,grid.10548.38,Stockholm University,http://www.su.se/english/,www,su,se,su.se
92,mmu.ac.uk,https://api.elsevier.com/content/article/PII:S0377221716304362?httpAccept=text/xml,2018-12-17 16:06:12 UTC,Elsevier XML,10.1016/j.ejor.2016.06.016,True,True,,mmu.ac.uk,grid.25627.34,Manchester Metropolitan University,http://www2.mmu.ac.uk/,www2,mmu,ac.uk,mmu.ac.uk
93,mmu.ac.uk, ,2018-12-16 12:29:19 UTC,PMC OAI (NIH),10.1093/jn/nxy185,True,True,,mmu.ac.uk,grid.25627.34,Manchester Metropolitan University,http://www2.mmu.ac.uk/,www2,mmu,ac.uk,mmu.ac.uk
94,moorfields.nhs.uk, ,2018-12-16 12:29:19 UTC,PMC OAI (NIH),10.1007/s10633-018-9652-z,True,True,,moorfields.nhs.uk,grid.436474.6,Moorfields Eye Hospital NHS Foundation Trust,http://www.moorfields.nhs.uk/,www,moorfields,nhs.uk,moorfields.nhs.uk
95,nasa.gov,http://link.springer.com/article/10.1007/s11214-018-0559-5/fulltext.html,2019-01-04 14:40:57 UTC,Springer HTML,10.1007/s11214-018-0559-5,True,True,,nasa.gov,grid.426671.0,Aero Institute,https://www.nasa.gov/centers/armstrong/education/aero_institute.html,www,nasa,gov,nasa.gov
96,ncl.ac.uk,https://api.elsevier.com/content/article/PII:S0925443916300023?httpAccept=text/xml,2018-12-17 16:06:12 UTC,Elsevier XML,10.1016/j.bbadis.2016.01.015,True,True,,ncl.ac.uk,grid.1006.7,Newcastle University,http://www.ncl.ac.uk/,www,ncl,ac.uk,ncl.ac.uk
97,nii.ac.jp,https://api.elsevier.com/content/article/PII:S0303264717300692?httpAccept=text/xml,2018-12-17 16:06:12 UTC,Elsevier XML,10.1016/j.biosystems.2017.07.007,True,True,,nii.ac.jp,grid.250343.3,National Institute of Informatics,http://www.nii.ac.jp/en,www,nii,ac.jp,nii.ac.jp
98,nioz.nl,https://api.elsevier.com/content/article/PII:S0006320714000500?httpAccept=text/xml,2018-12-17 16:06:12 UTC,Elsevier XML,10.1016/j.biocon.2014.01.038,True,True,,nioz.nl,grid.10914.3d,Royal Netherlands Institute for Sea Research,https://www.nioz.nl/institute,www,nioz,nl,nioz.nl
99,northumbria.ac.uk,http://link.springer.com/article/10.1007/s00170-017-1216-y/fulltext.html,2018-12-18 08:00:29 UTC,Springer HTML,10.1007/s00170-017-1216-y,True,True,,northumbria.ac.uk,grid.42629.3b,Northumbria University,https://www.northumbria.ac.uk/,www,northumbria,ac.uk,northumbria.ac.uk
100,ohsu.edu,https://api.elsevier.com/content/article/PII:S1463500315002437?httpAccept=text/xml,2018-12-17 16:06:12 UTC,Elsevier XML,10.1016/j.ocemod.2015.12.007,True,True,,ohsu.edu,grid.5288.7,Oregon Health & Science University,http://www.ohsu.edu/xd/,www,ohsu,edu,ohsu.edu
101,ows.be,http://link.springer.com/article/10.1007/s11367-016-1249-8/fulltext.html,2018-12-18 08:00:29 UTC,Springer HTML,10.1007/s11367-016-1249-8,True,True,,ows.be,grid.426189.0,Organic Waste Systems (Belgium),http://www.ows.be/,www,ows,be,ows.be
102,pg.com, ,2018-12-16 12:29:19 UTC,PMC OAI (NIH),10.1002/cpt.1132,True,True,,pg.com,grid.418758.7,Procter & Gamble (United States),http://www.pg.com/en_US/,www,pg,com,pg.com
103,research.fchampalimaud.org, ,2018-12-16 12:29:19 UTC,PMC OAI (NIH),10.1093/cercor/bhx359,False,True,second adress,fchampalimaud.org,grid.421010.6,Champalimaud Foundation,http://www.fchampalimaud.org/en/the-foundation/,www,fchampalimaud,org,fchampalimaud.org
104,rmit.edu.au,https://api.elsevier.com/content/article/PII:S0168192317302496?httpAccept=text/xml,2018-12-17 16:06:12 UTC,Elsevier XML,10.1016/j.agrformet.2017.07.027,True,True,,rmit.edu.au,grid.1017.7,RMIT University,https://www.rmit.edu.au/,www,rmit,edu.au,rmit.edu.au
105,rutgers.edu,http://link.springer.com/article/10.1007/s40258-018-0409-3/fulltext.html,2019-01-04 14:40:57 UTC,Springer HTML,10.1007/s40258-018-0409-3,True,True,,rutgers.edu,grid.430387.b,Rutgers University,http://www.rutgers.edu/,www,rutgers,edu,rutgers.edu
106,sapmed.ac.jp, ,2018-12-16 12:29:19 UTC,PMC OAI (NIH),10.1007/s00268-018-4519-8,True,True,,sapmed.ac.jp,grid.470107.5,Sapporo Medical University Hospital,http://web.sapmed.ac.jp/hospital/,web,sapmed,ac.jp,sapmed.ac.jp
107,scp.nl, ,2018-12-16 12:29:19 UTC,PMC OAI (NIH),10.1007/s10680-016-9391-3,True,True,,scp.nl,grid.438038.4,Netherlands Institute for Social Research,http://www.scp.nl/english/,www,scp,nl,scp.nl
108,sete.cnrs.fr,https://api.wiley.com/onlinelibrary/tdm/v1/articles/10.1111%2F2041-210X.12807,2019-01-03 18:07:39 UTC,Wiley PDF,10.1111/2041-210x.12807,True,True,,cnrs.fr,grid.4444.0,French National Centre for Scientific Research,http://www.cnrs.fr/index.php,www,cnrs,fr,cnrs.fr
109,sggw.pl, ,2018-12-16 12:29:19 UTC,PMC OAI (NIH),10.1007/s11627-016-9781-6,True,True,,sggw.pl,grid.13276.31,Warsaw University of Life Sciences,http://www.sggw.pl/en/,www,sggw,pl,sggw.pl
110,skku.edu,http://pubs.acs.org/doi/pdf/10.1021/acs.iecr.7b02509,2019-01-13 12:40:30 UTC,ACS TDM,10.1021/acs.iecr.7b02509,False,True,second adress,skku.edu,grid.264381.a,Sungkyunkwan University,http://www.skku.edu/eng_home/index.jsp,www,skku,edu,skku.edu
111,snnu.edu.cn, ,2018-12-16 12:29:19 UTC,PMC OAI (NIH),10.1002/mnfr.201700134,True,True,,snnu.edu.cn,grid.412498.2,Shaanxi Normal University,http://english.snnu.edu.cn/,english,snnu,edu.cn,snnu.edu.cn
112,st-andrews.ac.uk,https://api.elsevier.com/content/article/PII:S0012821X15005853?httpAccept=text/xml,2018-12-17 16:06:12 UTC,Elsevier XML,10.1016/j.epsl.2015.09.018,False,True,second adress,st-andrews.ac.uk,grid.11914.3c,University of St Andrews,http://www.st-andrews.ac.uk/,www,st-andrews,ac.uk,st-andrews.ac.uk
113,stjude.org,https://api.elsevier.com/content/article/PII:S0969212617301314?httpAccept=text/xml,2018-12-17 16:06:12 UTC,Elsevier XML,10.1016/j.str.2017.04.013,False,True,second adress ,stjude.org,grid.240871.8,St. Jude Children's Research Hospital,https://www.stjude.org/,www,stjude,org,stjude.org
114,strath.ac.uk,https://api.elsevier.com/content/article/PII:S1549963415000957?httpAccept=text/xml,2018-12-17 16:06:12 UTC,Elsevier XML,10.1016/j.nano.2015.04.006,True,True,,strath.ac.uk,grid.11984.35,University of Strathclyde,http://www.strath.ac.uk/,www,strath,ac.uk,strath.ac.uk
115,strath.ac.uk,http://link.springer.com/article/10.1007/s10569-017-9807-3/fulltext.html,2018-12-18 08:00:29 UTC,Springer HTML,10.1007/s10569-017-9807-3,True,True,,strath.ac.uk,grid.11984.35,University of Strathclyde,http://www.strath.ac.uk/,www,strath,ac.uk,strath.ac.uk
116,stu.kobe-u.ac.jp,http://stacks.iop.org/1475-7516/2016/i=04/a=035?key=crossref.3b7186a581cf9b13ee3b7d433ff9435a,2019-01-07 11:01:01 UTC,IOP TDM,10.1088/1475-7516/2016/04/035,False,True,second adress,kobe-u.ac.jp,grid.31432.37,Kobe University,http://www.kobe-u.ac.jp/en/alumni/index.html,www,kobe-u,ac.jp,kobe-u.ac.jp
117,surg1.med.osaka-u.ac.jp,https://api.elsevier.com/content/article/PII:S1525001618303836?httpAccept=text/xml,2018-12-17 16:06:12 UTC,Elsevier XML,10.1016/j.ymthe.2018.08.012,True,True,,osaka-u.ac.jp,grid.136593.b,Osaka University,http://www.osaka-u.ac.jp/en,www,osaka-u,ac.jp,osaka-u.ac.jp
118,tu-berlin.de,http://stacks.iop.org/2040-8986/19/i=6/a=064002?key=crossref.5417732c1516966a40c4991ecea0b4ed,2019-01-07 11:01:01 UTC,IOP TDM,10.1088/2040-8986/aa6380,False,True,second adress,tu-berlin.de,grid.6734.6,Technical University of Berlin,http://www.tu-berlin.de/,www,tu-berlin,de,tu-berlin.de
119,tue.nl, ,2018-12-16 12:29:19 UTC,PMC OAI (NIH),10.1002/anie.201805632,True,True,,tue.nl,grid.6852.9,Eindhoven University of Technology,http://www.tue.nl/,www,tue,nl,tue.nl
120,tuhh.de,https://api.elsevier.com/content/article/PII:S0022509615300995?httpAccept=text/xml,2018-12-17 16:06:12 UTC,Elsevier XML,10.1016/j.jmps.2016.02.018,True,True,,tuhh.de,grid.6884.2,Hamburg University of Technology,http://www.tuhh.de/,www,tuhh,de,tuhh.de
121,ubc.ca,https://api.elsevier.com/content/article/PII:S0034425718303572?httpAccept=text/xml,2018-12-17 16:06:12 UTC,Elsevier XML,10.1016/j.rse.2018.07.024,True,True,,ubc.ca,grid.498725.5,Centre for Health Evaluation and Outcome Sciences,http://www.cheos.ubc.ca/,www.cheos,ubc,ca,ubc.ca
122,ubc.ca,https://api.elsevier.com/content/article/PII:S0006320716305328?httpAccept=text/xml,2018-12-17 16:06:12 UTC,Elsevier XML,10.1016/j.biocon.2016.10.006,False,True,more adresses,ubc.ca,grid.498725.5,Centre for Health Evaluation and Outcome Sciences,http://www.cheos.ubc.ca/,www.cheos,ubc,ca,ubc.ca
123,ucar.edu,https://api.wiley.com/onlinelibrary/tdm/v1/articles/10.1002%2F2016GL071892,2019-01-14 09:48:52 UTC,Wiley PDF,10.1002/2016gl071892,True,True,,ucar.edu,grid.413455.2,University Corporation for Atmospheric Research,https://www2.ucar.edu/,www2,ucar,edu,ucar.edu
124,ucc.ie, ,2018-12-16 12:29:19 UTC,PMC OAI (NIH),10.1007/s11051-016-3683-8,False,True,more adresses,ucc.ie,grid.421993.4,Universal Sensors (United States),http://intel.ucc.ie/sensors/universal,intel,ucc,ie,ucc.ie
125,ucdenver.edu,http://link.springer.com/article/10.1007/s10393-018-1351-4/fulltext.html,2019-01-04 14:40:57 UTC,Springer HTML,10.1007/s10393-018-1351-4,True,True,,ucdenver.edu,grid.414594.9,Colorado School of Public Health,http://www.ucdenver.edu/academics/colleges/PublicHealth/Pages/default.aspx,www,ucdenver,edu,ucdenver.edu
126,uclouvain.be,https://api.elsevier.com/content/article/PII:S0959804914002536?httpAccept=text/xml,2018-12-17 16:06:12 UTC,Elsevier XML,10.1016/j.ejca.2014.03.010,True,True,,uclouvain.be,grid.7942.8,Université Catholique de Louvain,http://www.uclouvain.be/en-index.html,www,uclouvain,be,uclouvain.be
127,udel.edu,https://api.elsevier.com/content/article/PII:S0306261917312035?httpAccept=text/xml,2018-12-17 16:06:12 UTC,Elsevier XML,10.1016/j.apenergy.2017.08.178,False,True,more adresses,udel.edu,grid.33489.35,University of Delaware,http://www.udel.edu/,www,udel,edu,udel.edu
128,uhn.ca,http://stacks.iop.org/1741-2552/15/i=4/a=046034?key=crossref.a5e82637df2db30331cd72adb40421fd,2019-01-07 11:01:01 UTC,IOP TDM,10.1088/1741-2552/aacb96,True,True,,uhn.ca,grid.231844.8,University Health Network,http://www.uhn.ca/,www,uhn,ca,uhn.ca
129,uic.edu,https://api.elsevier.com/content/article/PII:S0300957213003420?httpAccept=text/xml,2018-12-17 16:06:12 UTC,Elsevier XML,10.1016/j.resuscitation.2013.06.019,False,True,second adress,uic.edu,grid.185648.6,University of Illinois at Chicago,http://www.uic.edu/uic/,www,uic,edu,uic.edu
130,umcg.nl, ,2018-12-16 12:29:19 UTC,PMC OAI (NIH),10.1002/term.2213,True,True,,umcg.nl,grid.4494.d,University Medical Center Groningen,http://www.umcg.nl/EN,www,umcg,nl,umcg.nl
131,umd.edu,https://api.elsevier.com/content/article/PII:S1742706115302646?httpAccept=text/xml,2018-12-17 16:06:12 UTC,Elsevier XML,10.1016/j.actbio.2015.12.026,True,True,,umd.edu,grid.452566.6,Joint Space Science Institute,https://jsi.astro.umd.edu/,jsi.astro,umd,edu,umd.edu
132,uml.edu,https://api.elsevier.com/content/article/PII:S0306261915016785?httpAccept=text/xml,2018-12-17 16:06:12 UTC,Elsevier XML,10.1016/j.apenergy.2015.12.105,True,True,,uml.edu,grid.225262.3,University of Massachusetts Lowell,http://www.uml.edu/,www,uml,edu,uml.edu
133,umu.se, ,2018-12-16 12:29:19 UTC,PMC OAI (NIH),10.1007/s11192-016-2097-9,False,True,second adress,umu.se,grid.12650.30,Umeå University,http://www.umu.se/english,www,umu,se,umu.se
134,uni-graz.at,https://api.elsevier.com/content/article/PII:S0959652617307370?httpAccept=text/xml,2018-12-17 16:06:12 UTC,Elsevier XML,10.1016/j.jclepro.2017.04.030,False,True,more adresses,uni-graz.at,grid.5110.5,University of Graz,https://www.uni-graz.at/en/,www,uni-graz,at,uni-graz.at
135,uni-hamburg.de, ,2018-12-16 12:29:19 UTC,PMC OAI (NIH),10.1007/s13280-016-0766-9,True,True,,uni-hamburg.de,grid.9026.d,University of Hamburg,http://www.uni-hamburg.de/,www,uni-hamburg,de,uni-hamburg.de
136,uni-koeln.de, ,2018-12-16 12:29:19 UTC,PMC OAI (NIH),10.1042/bst20170265,True,True,,uni-koeln.de,grid.452408.f,Cologne Excellence Cluster on Cellular Stress Responses in Aging Associated Diseases,http://cecad.uni-koeln.de/Home.393.0.html,cecad,uni-koeln,de,uni-koeln.de
137,unich.it,https://api.elsevier.com/content/article/PII:S0168365918301378?httpAccept=text/xml,2018-12-17 16:06:12 UTC,Elsevier XML,10.1016/j.jconrel.2018.03.016,True,True,,unich.it,grid.412451.7,University of Chieti-Pescara,http://www.unich.it/,www,unich,it,unich.it
138,unige.ch,http://harvest.aps.org/v2/journals/articles/10.1103/PhysRevA.87.061801/fulltext,2019-01-12 15:15:16 UTC,APS TDM,10.1103/physreva.87.061801,False,True,second adress,unige.ch,grid.8591.5,University of Geneva,http://www.unige.ch/international/index_en.html,www,unige,ch,unige.ch
139,unimelb.edu.au,https://api.elsevier.com/content/article/PII:S0301051118303776?httpAccept=text/xml,2018-12-17 16:06:12 UTC,Elsevier XML,10.1016/j.biopsycho.2018.09.002,True,True,,unimelb.edu.au,grid.1008.9,University of Melbourne,http://www.unimelb.edu.au/,www,unimelb,edu.au,unimelb.edu.au
140,univie.ac.at, ,2018-12-16 12:29:19 UTC,PMC OAI (NIH),10.1021/acsnano.6b08287,True,True,,univie.ac.at,grid.10420.37,University of Vienna,https://www.univie.ac.at/en/,www,univie,ac.at,univie.ac.at
141,usal.es,https://api.elsevier.com/content/article/PII:S0091674918303051?httpAccept=text/xml,2018-12-17 16:06:12 UTC,Elsevier XML,10.1016/j.jaci.2018.02.017,True,True,,usal.es,grid.11762.33,University of Salamanca,http://www.usal.es/webusal/en,www,usal,es,usal.es
142,utoronto.ca,https://api.elsevier.com/content/article/PII:S1386505617304252?httpAccept=text/xml,2018-12-17 16:06:12 UTC,Elsevier XML,10.1016/j.ijmedinf.2017.11.011,False,True,"one author, several adresses",utoronto.ca,grid.17063.33,University of Toronto,http://www.utoronto.ca/,www,utoronto,ca,utoronto.ca
143,utu.fi,https://api.elsevier.com/content/article/PII:S0022399917300612?httpAccept=text/xml,2018-12-17 16:06:12 UTC,Elsevier XML,10.1016/j.jpsychores.2017.07.003,True,True,,utu.fi,grid.1374.1,University of Turku,http://www.utu.fi/en/Pages/home.aspx,www,utu,fi,utu.fi
144,uzh.ch,https://api.elsevier.com/content/article/PII:S0094576514001799?httpAccept=text/xml,2018-12-17 16:06:12 UTC,Elsevier XML,10.1016/j.actaastro.2014.05.019,False,True,"one author, several adresses",uzh.ch,grid.7400.3,University of Zurich,http://www.uzh.ch/index_en.html,www,uzh,ch,uzh.ch
145,vgregion.se, ,2018-12-16 12:29:19 UTC,PMC OAI (NIH),10.1007/s00266-016-0684-z,True,True,,vgregion.se,grid.413652.7,Kärnsjukhuset i Skövde,http://www.vgregion.se/skas,www,vgregion,se,vgregion.se
146,vgregion.se, ,2018-12-16 12:29:19 UTC,PMC OAI (NIH),10.1007/s00266-016-0684-z,True,True,,vgregion.se,grid.416029.8,Skaraborg Hospital,http://www.vgregion.se/skas,www,vgregion,se,vgregion.se
147,vumc.nl, ,2018-12-16 12:29:19 UTC,PMC OAI (NIH),10.1007/s00520-016-3148-8,False,True,more adresses,vumc.nl,grid.16872.3a,VU University Medical Center,http://www.vumc.nl/,www,vumc,nl,vumc.nl
148,who-umc.org, ,2018-12-16 12:29:19 UTC,PMC OAI (NIH),10.1007/s40264-016-0456-3,True,True,,who-umc.org,grid.420224.2,Uppsala Monitoring Centre,http://www.who-umc.org/,www,who-umc,org,who-umc.org
149,wip.pcz.pl,http://link.springer.com/article/10.1007/s12598-017-0917-6/fulltext.html,2018-12-18 08:00:29 UTC,Springer HTML,10.1007/s12598-017-0917-6,True,True,,pcz.pl,grid.34197.38,Częstochowa University of Technology,http://www.pcz.pl/english/,www,pcz,pl,pcz.pl
150,wip.pcz.pl,http://link.springer.com/article/10.1007/s10909-016-1571-3/fulltext.html,2018-12-18 08:00:29 UTC,Springer HTML,10.1007/s10909-016-1571-3,True,True,,pcz.pl,grid.34197.38,Częstochowa University of Technology,http://www.pcz.pl/english/,www,pcz,pl,pcz.pl
151,xmu.edu.cn,http://link.springer.com/article/10.1007/s10936-018-9575-6/fulltext.html,2019-01-04 14:40:57 UTC,Springer HTML,10.1007/s10936-018-9575-6,True,True,,xmu.edu.cn,grid.12955.3a,Xiamen University,http://std.xmu.edu.cn/std_en/,std,xmu,edu.cn,xmu.edu.cn
152,yahoo.com, ,2018-12-16 12:29:19 UTC,PMC OAI (NIH),10.1007/s40264-017-0505-6,True,True,,yahoo.com,grid.426479.a,Yahoo (Spain),https://es.yahoo.com/,es,yahoo,com,yahoo.com
153,yahoo.com,https://api.elsevier.com/content/article/PII:S0960076016301029?httpAccept=text/xml,2018-12-17 16:06:12 UTC,Elsevier XML,10.1016/j.jsbmb.2016.04.006,False,True,more adresses,yahoo.com,grid.426479.a,Yahoo (Spain),https://es.yahoo.com/,es,yahoo,com,yahoo.com
154,yale.edu,https://api.elsevier.com/content/article/PII:S0960982218309199?httpAccept=text/xml,2018-12-17 16:06:12 UTC,Elsevier XML,10.1016/j.cub.2018.07.020,False,True,more adresses,yale.edu,grid.47100.32,Yale University,http://www.yale.edu,www,yale,edu,yale.edu
155,yokohama-cu.ac.jp,https://api.elsevier.com/content/article/PII:S1368837518300472?httpAccept=text/xml,2018-12-17 16:06:12 UTC,Elsevier XML,10.1016/j.oraloncology.2018.02.002,True,True,,yokohama-cu.ac.jp,grid.268441.d,Yokohama City University,http://www.yokohama-cu.ac.jp/index-e.html,www,yokohama-cu,ac.jp,yokohama-cu.ac.jp
