,email,tdm_url,time_stamp,mine_method,doi,recall,precision,comment
0,meduniwien.ac.at,https://api.elsevier.com/content/article/PII:S1740674914000158?httpAccept=text/xml,2018-12-17 16:06:12 UTC,Elsevier XML,10.1016/j.ddtec.2014.03.009,True,True,
1,bruker.com,http://link.springer.com/article/10.1007/s11837-018-2752-0/fulltext.html,2018-12-18 08:00:29 UTC,Springer HTML,10.1007/s11837-018-2752-0,True,True,
2,ohsu.edu,https://api.elsevier.com/content/article/PII:S1463500315002437?httpAccept=text/xml,2018-12-17 16:06:12 UTC,Elsevier XML,10.1016/j.ocemod.2015.12.007,True,True,
3,cox.net, ,2018-12-16 12:29:19 UTC,PMC OAI (NIH),10.1007/s13752-016-0244-4,True,True,
4,amc.uva.nl,http://link.springer.com/article/10.1007/s11764-018-0690-z/fulltext.html,2019-01-04 14:40:57 UTC,Springer HTML,10.1007/s11764-018-0690-z,True,True,
5,northumbria.ac.uk,http://link.springer.com/article/10.1007/s00170-017-1216-y/fulltext.html,2018-12-18 08:00:29 UTC,Springer HTML,10.1007/s00170-017-1216-y,True,True,
6,aok.pte.hu,https://api.wiley.com/onlinelibrary/tdm/v1/articles/10.1002%2Felps.201800378,2019-01-03 18:07:39 UTC,Wiley PDF,10.1002/elps.201800378,True,True,
7,ed.ac.uk,https://api.elsevier.com/content/article/PII:S0167587718302435?httpAccept=text/xml,2018-12-17 16:06:12 UTC,Elsevier XML,10.1016/j.prevetmed.2018.09.010,False,True,second adress
8,mentalhealth.org.uk,https://api.elsevier.com/content/article/PII:S0165032718301381?httpAccept=text/xml,2018-12-17 16:06:12 UTC,Elsevier XML,10.1016/j.jad.2018.05.010,False,True,more adresses
9,biofilm.montana.edu, ,2018-12-16 12:29:19 UTC,PMC OAI (NIH),10.1007/s00253-017-8724-4,True,True,
10,student.bham.ac.uk,https://api.elsevier.com/content/article/PII:S0272884218318078?httpAccept=text/xml,2018-12-17 16:06:12 UTC,Elsevier XML,10.1016/j.ceramint.2018.07.079,True,True,
11,cam.ac.uk,http://link.springer.com/article/10.1007/s10708-016-9719-x/fulltext.html,2018-12-18 08:00:29 UTC,Springer HTML,10.1007/s10708-016-9719-x,True,True,
12,gmail.com,http://link.springer.com/article/10.1007/s13146-017-0399-5/fulltext.html,2018-12-18 08:00:29 UTC,Springer HTML,10.1007/s13146-017-0399-5,True,True,
13,uni-koeln.de, ,2018-12-16 12:29:19 UTC,PMC OAI (NIH),10.1042/bst20170265,True,True,
14,icddrb.org,https://api.elsevier.com/content/article/PII:S1473309918301087?httpAccept=text/xml,2018-12-17 16:06:12 UTC,Elsevier XML,10.1016/s1473-3099(18)30108-7,True,True,
15,hc-sc.gc.ca, ,2018-12-16 12:29:19 UTC,PMC OAI (NIH),10.1007/s00204-016-1891-8,True,True,
16,rmit.edu.au,https://api.elsevier.com/content/article/PII:S0168192317302496?httpAccept=text/xml,2018-12-17 16:06:12 UTC,Elsevier XML,10.1016/j.agrformet.2017.07.027,True,True,
17,nasa.gov,http://link.springer.com/article/10.1007/s11214-018-0559-5/fulltext.html,2019-01-04 14:40:57 UTC,Springer HTML,10.1007/s11214-018-0559-5,True,True,
18,imperial.ac.uk, ,2018-12-16 12:29:19 UTC,PMC OAI (NIH),10.1093/brain/awx354,True,True,
19,medicine.tamhsc.edu,https://api.elsevier.com/content/article/PII:S0896841117301555?httpAccept=text/xml,2018-12-17 16:06:12 UTC,Elsevier XML,10.1016/j.jaut.2017.09.002,True,True,
20,126.com,https://api.elsevier.com/content/article/PII:S0022510X16305731?httpAccept=text/xml,2018-12-17 16:06:12 UTC,Elsevier XML,10.1016/j.jns.2016.09.024,True,True,
21,wip.pcz.pl,http://link.springer.com/article/10.1007/s12598-017-0917-6/fulltext.html,2018-12-18 08:00:29 UTC,Springer HTML,10.1007/s12598-017-0917-6,True,True,
22,ing.uc3m.es, ,2018-12-16 12:29:19 UTC,PMC OAI (NIH),10.1007/s10494-017-9869-z,True,True,
23,wur.nl,https://api.elsevier.com/content/article/PII:S0043135418304846?httpAccept=text/xml,2018-12-17 16:06:12 UTC,Elsevier XML,10.1016/j.watres.2018.06.034,True,True,
24,greenwich.ac.uk,https://api.elsevier.com/content/article/PII:S0981942816301917?httpAccept=text/xml,2018-12-17 16:06:12 UTC,Elsevier XML,10.1016/j.plaphy.2016.05.021,True,True,
25,leeds.ac.uk, ,2018-12-16 12:29:19 UTC,PMC OAI (NIH),10.1111/bju.14368,True,True,
26,liv.ac.uk,https://api.elsevier.com/content/article/PII:S030442031500064X?httpAccept=text/xml,2018-12-17 16:06:12 UTC,Elsevier XML,10.1016/j.marchem.2015.03.010,True,True,
27,ucar.edu,https://api.wiley.com/onlinelibrary/tdm/v1/articles/10.1002%2F2016GL071892,2019-01-14 09:48:52 UTC,Wiley PDF,10.1002/2016gl071892,True,True,
28,agh.edu.pl,http://link.springer.com/article/10.1007/s11784-016-0288-x/fulltext.html,2018-12-18 08:00:29 UTC,Springer HTML,10.1007/s11784-016-0288-x,True,True,
29,nii.ac.jp,https://api.elsevier.com/content/article/PII:S0303264717300692?httpAccept=text/xml,2018-12-17 16:06:12 UTC,Elsevier XML,10.1016/j.biosystems.2017.07.007,True,True,
30,gmail.com,https://api.elsevier.com/content/article/PII:S0378779615000693?httpAccept=text/xml,2018-12-17 16:06:12 UTC,Elsevier XML,10.1016/j.epsr.2015.03.009,False,True,second adress
31,imbe.fr,https://api.wiley.com/onlinelibrary/tdm/v1/articles/10.1111%2Fnph.15502,2019-01-03 18:07:39 UTC,Wiley PDF,10.1111/nph.15502,True,True,
32,bris.ac.uk,http://link.springer.com/article/10.1007/s10649-018-9815-6/fulltext.html,2018-12-18 08:00:29 UTC,Springer HTML,10.1007/s10649-018-9815-6,True,True,
33,uva.nl,http://link.springer.com/article/10.1007/s11005-016-0928-5/fulltext.html,2018-12-18 08:00:29 UTC,Springer HTML,10.1007/s11005-016-0928-5,True,True,
34,rhul.ac.uk, ,2018-12-16 12:29:19 UTC,PMC OAI (NIH),10.1007/s00248-018-1160-x,True,True,
35,ec.europa.eu,http://link.springer.com/article/10.1007/s11187-018-0017-5/fulltext.html,2018-12-18 08:00:29 UTC,Springer HTML,10.1007/s11187-018-0017-5,True,True,
36,research.fchampalimaud.org, ,2018-12-16 12:29:19 UTC,PMC OAI (NIH),10.1093/cercor/bhx359,False,True,second adress
37,strath.ac.uk,https://api.elsevier.com/content/article/PII:S1549963415000957?httpAccept=text/xml,2018-12-17 16:06:12 UTC,Elsevier XML,10.1016/j.nano.2015.04.006,True,True,
38,stjude.org,https://api.elsevier.com/content/article/PII:S0969212617301314?httpAccept=text/xml,2018-12-17 16:06:12 UTC,Elsevier XML,10.1016/j.str.2017.04.013,False,True,second adress 
39,wp.pl,http://link.springer.com/article/10.1007/s00190-018-1216-1/fulltext.html,2018-12-18 08:00:29 UTC,Springer HTML,10.1007/s00190-018-1216-1,True,True,
40,houstonmethodist.org,https://api.elsevier.com/content/article/PII:S0161642017317840?httpAccept=text/xml,2018-12-17 16:06:12 UTC,Elsevier XML,10.1016/j.ophtha.2017.09.001,True,True,
41,tin.it,https://api.elsevier.com/content/article/PII:S1547527116307548?httpAccept=text/xml,2018-12-17 16:06:12 UTC,Elsevier XML,10.1016/j.hrthm.2016.09.008,True,True,
42,icloud.com,https://www.tandfonline.com/doi/pdf/10.1080/09654313.2018.1425376,2019-01-12 15:11:32 UTC,Informa TDM,10.1080/09654313.2018.1425376,True,True,
43,uic.edu,https://api.elsevier.com/content/article/PII:S0300957213003420?httpAccept=text/xml,2018-12-17 16:06:12 UTC,Elsevier XML,10.1016/j.resuscitation.2013.06.019,False,True,second adress
44,houstonmethodist.org, ,2018-12-16 12:29:19 UTC,PMC OAI (NIH),10.1007/s11605-017-3379-0,True,True,
45,univie.ac.at, ,2018-12-16 12:29:19 UTC,PMC OAI (NIH),10.1021/acsnano.6b08287,True,True,
46,mcgill.ca, ,2018-12-16 12:29:19 UTC,PMC OAI (NIH),10.1007/s00335-018-9772-5,True,True,
47,erasmusmc.nl,https://api.elsevier.com/content/article/PII:S0928098717300490?httpAccept=text/xml,2018-12-17 16:06:12 UTC,Elsevier XML,10.1016/j.ejps.2017.01.025,True,True,
48,yokohama-cu.ac.jp,https://api.elsevier.com/content/article/PII:S1368837518300472?httpAccept=text/xml,2018-12-17 16:06:12 UTC,Elsevier XML,10.1016/j.oraloncology.2018.02.002,True,True,
49,kuleuven.be,https://api.elsevier.com/content/article/PII:S0305750X18300871?httpAccept=text/xml,2018-12-17 16:06:12 UTC,Elsevier XML,10.1016/j.worlddev.2018.03.006,False,True,more adresses
50,pangaea.de,https://api.elsevier.com/content/article/PII:S0168165617315419?httpAccept=text/xml,2018-12-17 16:06:12 UTC,Elsevier XML,10.1016/j.jbiotec.2017.07.016,False,True,more adresses
51,gic.se, ,2018-12-16 12:29:19 UTC,PMC OAI (NIH),10.1007/s13181-016-0584-2,True,True,
52,duke.edu, ,2018-12-16 12:29:19 UTC,PMC OAI (NIH),10.1093/infdis/jiy008,True,True,
53,glasgow.ac.uk, ,2018-12-16 12:29:19 UTC,PMC OAI (NIH),10.1042/bcj20170184,True,True,
54,nioz.nl,https://api.elsevier.com/content/article/PII:S0006320714000500?httpAccept=text/xml,2018-12-17 16:06:12 UTC,Elsevier XML,10.1016/j.biocon.2014.01.038,True,True,
55,uclouvain.be,https://api.elsevier.com/content/article/PII:S0959804914002536?httpAccept=text/xml,2018-12-17 16:06:12 UTC,Elsevier XML,10.1016/j.ejca.2014.03.010,True,True,
56,sggw.pl, ,2018-12-16 12:29:19 UTC,PMC OAI (NIH),10.1007/s11627-016-9781-6,True,True,
57,amc.uva.nl, ,2018-12-16 12:29:19 UTC,PMC OAI (NIH),10.1007/s00167-016-4062-9,True,True,
58,utoronto.ca,https://api.elsevier.com/content/article/PII:S1386505617304252?httpAccept=text/xml,2018-12-17 16:06:12 UTC,Elsevier XML,10.1016/j.ijmedinf.2017.11.011,False,True,"one author, several adresses"
59,imperial.ac.uk,https://api.elsevier.com/content/article/PII:S0959440X1400075X?httpAccept=text/xml,2018-12-17 16:06:12 UTC,Elsevier XML,10.1016/j.sbi.2014.07.003,True,True,
60,ubc.ca,https://api.elsevier.com/content/article/PII:S0006320716305328?httpAccept=text/xml,2018-12-17 16:06:12 UTC,Elsevier XML,10.1016/j.biocon.2016.10.006,False,True,more adresses
61,hsph.harvard.edu, ,2018-12-16 12:29:19 UTC,PMC OAI (NIH),10.1093/cid/ciy097,True,True,
62,ifom.eu,https://api.elsevier.com/content/article/PII:S1568786414002195?httpAccept=text/xml,2018-12-17 16:06:12 UTC,Elsevier XML,10.1016/j.dnarep.2014.08.003,False,True,more adresses
63,ubc.ca,https://api.elsevier.com/content/article/PII:S0034425718303572?httpAccept=text/xml,2018-12-17 16:06:12 UTC,Elsevier XML,10.1016/j.rse.2018.07.024,True,True,
64,cardiov.ox.ac.uk, ,2018-12-16 12:29:19 UTC,PMC OAI (NIH),10.1002/mrm.26213,True,True,
65,fsw.leidenuniv.nl,http://link.springer.com/article/10.3758/s13423-018-1432-y/fulltext.html,2019-01-04 14:40:57 UTC,Springer HTML,10.3758/s13423-018-1432-y,True,True,
66,scp.nl, ,2018-12-16 12:29:19 UTC,PMC OAI (NIH),10.1007/s10680-016-9391-3,True,True,
67,tuhh.de,https://api.elsevier.com/content/article/PII:S0022509615300995?httpAccept=text/xml,2018-12-17 16:06:12 UTC,Elsevier XML,10.1016/j.jmps.2016.02.018,True,True,
68,bartshealth.nhs.uk, ,2018-12-16 12:29:19 UTC,PMC OAI (NIH),10.1007/s00441-017-2576-1,False,True,more adresses
69,unich.it,https://api.elsevier.com/content/article/PII:S0168365918301378?httpAccept=text/xml,2018-12-17 16:06:12 UTC,Elsevier XML,10.1016/j.jconrel.2018.03.016,True,True,
70,umd.edu,https://api.elsevier.com/content/article/PII:S1742706115302646?httpAccept=text/xml,2018-12-17 16:06:12 UTC,Elsevier XML,10.1016/j.actbio.2015.12.026,True,True,
71,wa.amu.edu.pl, ,2018-12-16 12:29:19 UTC,PMC OAI (NIH),10.1007/s10936-017-9552-5,True,True,
72,exponent.com,https://api.elsevier.com/content/article/PII:S089062381730103X?httpAccept=text/xml,2018-12-17 16:06:12 UTC,Elsevier XML,10.1016/j.reprotox.2017.05.012,True,True,
73,dwc.doshisha.ac.jp,https://api.elsevier.com/content/article/PII:S1083879116302245?httpAccept=text/xml,2018-12-17 16:06:12 UTC,Elsevier XML,10.1016/j.bbmt.2016.07.008,True,True,
74,uhn.ca,http://stacks.iop.org/1741-2552/15/i=4/a=046034?key=crossref.a5e82637df2db30331cd72adb40421fd,2019-01-07 11:01:01 UTC,IOP TDM,10.1088/1741-2552/aacb96,True,True,
75,uva.nl, ,2018-12-16 12:29:19 UTC,PMC OAI (NIH),10.3758/s13428-018-1046-3,True,True,
76,ucc.ie, ,2018-12-16 12:29:19 UTC,PMC OAI (NIH),10.1007/s11051-016-3683-8,False,True,more adresses
77,amc.uva.nl,https://api.wiley.com/onlinelibrary/tdm/v1/articles/10.1111%2Fadd.14500,2019-01-14 09:48:52 UTC,Wiley PDF,10.1111/add.14500,True,True,
78,durham.ac.uk,https://api.elsevier.com/content/article/PII:S0305440313001362?httpAccept=text/xml,2018-12-17 16:06:12 UTC,Elsevier XML,10.1016/j.jas.2013.04.012,False,True,more adresses
79,adm.cgmh.org.tw, ,2018-12-16 12:29:19 UTC,PMC OAI (NIH),10.1007/s12032-018-1181-9,True,True,
80,gmail.com,http://link.springer.com/article/10.1007/s11625-018-0636-4/fulltext.html,2018-12-18 08:00:29 UTC,Springer HTML,10.1007/s11625-018-0636-4,True,True,
81, ,https://api.elsevier.com/content/article/PII:S0032063316301623?httpAccept=text/xml,2018-12-17 16:06:12 UTC,Elsevier XML,10.1016/j.pss.2016.11.007,True,True,
82,ncl.ac.uk,https://api.elsevier.com/content/article/PII:S0925443916300023?httpAccept=text/xml,2018-12-17 16:06:12 UTC,Elsevier XML,10.1016/j.bbadis.2016.01.015,True,True,
83,crc.jussieu.fr,https://api.elsevier.com/content/article/PII:S0014482715301038?httpAccept=text/xml,2018-12-17 16:06:12 UTC,Elsevier XML,10.1016/j.yexcr.2015.09.018,True,True,
84,surg1.med.osaka-u.ac.jp,https://api.elsevier.com/content/article/PII:S1525001618303836?httpAccept=text/xml,2018-12-17 16:06:12 UTC,Elsevier XML,10.1016/j.ymthe.2018.08.012,True,True,
85,lanl.gov,http://harvest.aps.org/v2/journals/articles/10.1103/PhysRevLett.120.211804/fulltext,2019-01-12 15:15:16 UTC,APS TDM,10.1103/physrevlett.120.211804,True,True,
86, ,http://harvest.aps.org/v2/journals/articles/10.1103/PhysRevD.91.119901/fulltext,2019-01-12 15:15:16 UTC,APS TDM,10.1103/physrevd.91.119901,True,True,
87,email.arizona.edu,https://api.elsevier.com/content/article/PII:S0306452218300770?httpAccept=text/xml,2018-12-17 16:06:12 UTC,Elsevier XML,10.1016/j.neuroscience.2018.01.047,True,True,
88,iiphg.org,https://api.elsevier.com/content/article/PII:S003335061500270X?httpAccept=text/xml,2018-12-17 16:06:12 UTC,Elsevier XML,10.1016/j.puhe.2015.07.010,True,True,
89,jaredreser.com,https://api.elsevier.com/content/article/PII:S0306987716305801?httpAccept=text/xml,2018-12-17 16:06:12 UTC,Elsevier XML,10.1016/j.mehy.2016.12.005,True,True,
90,zoetis.com,https://api.elsevier.com/content/article/PII:S0165242713002948?httpAccept=text/xml,2018-12-17 16:06:12 UTC,Elsevier XML,10.1016/j.vetimm.2013.10.017,True,True,
91,amc.nl, ,2018-12-16 12:29:19 UTC,PMC OAI (NIH),10.1007/s00464-015-4694-8,True,True,
92,yahoo.com,https://api.elsevier.com/content/article/PII:S0960076016301029?httpAccept=text/xml,2018-12-17 16:06:12 UTC,Elsevier XML,10.1016/j.jsbmb.2016.04.006,False,True,more adresses
93,bc3research.org,https://api.elsevier.com/content/article/PII:S1462901117309978?httpAccept=text/xml,2018-12-17 16:06:12 UTC,Elsevier XML,10.1016/j.envsci.2018.01.017,False,True,more adresses
94,vumc.nl, ,2018-12-16 12:29:19 UTC,PMC OAI (NIH),10.1007/s00520-016-3148-8,False,True,more adresses
95,Outlook.com,http://link.springer.com/article/10.1007/s12035-018-1131-8/fulltext.html,2019-01-04 14:40:57 UTC,Springer HTML,10.1007/s12035-018-1131-8,False,True,second adress
96,nhs.net,https://api.elsevier.com/content/article/PII:S1424390317300686?httpAccept=text/xml,2018-12-17 16:06:12 UTC,Elsevier XML,10.1016/j.pan.2017.04.002,True,True,
97,ki.se, ,2018-12-16 12:29:19 UTC,PMC OAI (NIH),10.1017/s0033291718000375,True,True,
98,mmu.ac.uk, ,2018-12-16 12:29:19 UTC,PMC OAI (NIH),10.1093/jn/nxy185,True,True,
99,who-umc.org, ,2018-12-16 12:29:19 UTC,PMC OAI (NIH),10.1007/s40264-016-0456-3,True,True,
100,cdc.gov,https://api.elsevier.com/content/article/PII:S0749379715005164?httpAccept=text/xml,2018-12-17 16:06:12 UTC,Elsevier XML,10.1016/j.amepre.2015.08.026,True,True,
101,tu-berlin.de,http://stacks.iop.org/2040-8986/19/i=6/a=064002?key=crossref.5417732c1516966a40c4991ecea0b4ed,2019-01-07 11:01:01 UTC,IOP TDM,10.1088/2040-8986/aa6380,False,True,second adress
102,umcg.nl, ,2018-12-16 12:29:19 UTC,PMC OAI (NIH),10.1002/term.2213,True,True,
103,indiana.edu,https://api.elsevier.com/content/article/PII:S1053811917306912?httpAccept=text/xml,2018-12-17 16:06:12 UTC,Elsevier XML,10.1016/j.neuroimage.2017.08.044,True,True,
104,bham.ac.uk,https://api.elsevier.com/content/article/PII:S0895435613000723?httpAccept=text/xml,2018-12-17 16:06:12 UTC,Elsevier XML,10.1016/j.jclinepi.2012.12.017,True,True,
105,mail.usask.ca,https://api.elsevier.com/content/article/PII:S0028390815301829?httpAccept=text/xml,2018-12-17 16:06:12 UTC,Elsevier XML,10.1016/j.neuropharm.2015.11.018,False,True,more adresses
106,mac.com, ,2018-12-16 12:29:19 UTC,PMC OAI (NIH),10.1007/s40261-016-0435-6,True,True,
107, ,http://pubs.acs.org/doi/pdf/10.1021/acsnano.5b06216,2019-01-13 12:40:30 UTC,ACS TDM,10.1021/acsnano.5b06216,True,True,
108,juntendo.ac.jp,https://api.wiley.com/onlinelibrary/tdm/v1/articles/10.1111%2Fdom.13593,2019-01-14 09:48:52 UTC,Wiley PDF,10.1111/dom.13593,True,True,
109,psyk.uu.se, ,2018-12-16 12:29:19 UTC,PMC OAI (NIH),10.1007/s10803-016-2955-6,True,True,
110,tue.nl, ,2018-12-16 12:29:19 UTC,PMC OAI (NIH),10.1002/anie.201805632,True,True,
111,wip.pcz.pl,http://link.springer.com/article/10.1007/s10909-016-1571-3/fulltext.html,2018-12-18 08:00:29 UTC,Springer HTML,10.1007/s10909-016-1571-3,True,True,
112,bayer.com, ,2018-12-16 12:29:19 UTC,PMC OAI (NIH),10.1007/s40262-016-0492-2,True,True,
113,spi.ox.ac.uk,https://api.elsevier.com/content/article/PII:S0145213417302958?httpAccept=text/xml,2018-12-17 16:06:12 UTC,Elsevier XML,10.1016/j.chiabu.2017.08.016,False,True,more adresses
114,cos.uni-heidelberg.de,https://api.elsevier.com/content/article/PII:S1369526614001447?httpAccept=text/xml,2018-12-17 16:06:12 UTC,Elsevier XML,10.1016/j.pbi.2014.10.010,True,True,
115,rutgers.edu,http://link.springer.com/article/10.1007/s40258-018-0409-3/fulltext.html,2019-01-04 14:40:57 UTC,Springer HTML,10.1007/s40258-018-0409-3,True,True,
116,yale.edu,https://api.elsevier.com/content/article/PII:S0960982218309199?httpAccept=text/xml,2018-12-17 16:06:12 UTC,Elsevier XML,10.1016/j.cub.2018.07.020,False,True,more adresses
117,gmail.com, ,2018-12-16 12:29:19 UTC,PMC OAI (NIH),10.1007/s13205-016-0586-4,False,True,second adress
118, ,http://harvest.aps.org/v2/journals/articles/10.1103/PhysRevD.98.056014/fulltext,2019-01-12 15:15:16 UTC,APS TDM,10.1103/physrevd.98.056014,True,True,
119,op.pl,https://api.elsevier.com/content/article/PII:S1357272514003173?httpAccept=text/xml,2018-12-17 16:06:12 UTC,Elsevier XML,10.1016/j.biocel.2014.10.006,False,True,more adresses
120,imdik.pan.pl,https://api.wiley.com/onlinelibrary/tdm/v1/articles/10.1111%2Fsms.12687,2019-01-03 18:07:39 UTC,Wiley PDF,10.1111/sms.12687,True,True,
121,pg.com, ,2018-12-16 12:29:19 UTC,PMC OAI (NIH),10.1002/cpt.1132,True,True,
122,lboro.ac.uk,http://link.springer.com/article/10.1007/s00348-017-2473-0/fulltext.html,2018-12-18 08:00:29 UTC,Springer HTML,10.1007/s00348-017-2473-0,True,True,
123,stu.kobe-u.ac.jp,http://stacks.iop.org/1475-7516/2016/i=04/a=035?key=crossref.3b7186a581cf9b13ee3b7d433ff9435a,2019-01-07 11:01:01 UTC,IOP TDM,10.1088/1475-7516/2016/04/035,False,True,second adress
124,lbicr.lbg.ac.at, ,2018-12-16 12:29:19 UTC,PMC OAI (NIH),10.1038/s41375-017-0005-9,True,True,
125,cam.ac.uk,http://link.springer.com/article/10.1007/s12520-018-0694-7/fulltext.html,2018-12-18 08:00:29 UTC,Springer HTML,10.1007/s12520-018-0694-7,True,True,
126,sete.cnrs.fr,https://api.wiley.com/onlinelibrary/tdm/v1/articles/10.1111%2F2041-210X.12807,2019-01-03 18:07:39 UTC,Wiley PDF,10.1111/2041-210x.12807,True,True,
127,i-med.ac.at, ,2018-12-16 12:29:19 UTC,PMC OAI (NIH),10.1007/s40134-017-0256-2,False,True,more adresses
128,med.kuleuven.be,https://api.elsevier.com/content/article/PII:S0016508516354877?httpAccept=text/xml,2018-12-17 16:06:12 UTC,Elsevier XML,10.1053/j.gastro.2016.10.046,True,True,
129,cicy.mx,https://api.elsevier.com/content/article/PII:S1055790317308709?httpAccept=text/xml,2018-12-17 16:06:12 UTC,Elsevier XML,10.1016/j.ympev.2018.04.032,True,True,
130,usal.es,https://api.elsevier.com/content/article/PII:S0091674918303051?httpAccept=text/xml,2018-12-17 16:06:12 UTC,Elsevier XML,10.1016/j.jaci.2018.02.017,True,True,
131,med.uni-muenchen.de, ,2019-01-06 09:58:31 UTC,PMC OAI (NIH),10.1093/annonc/mdy329,True,True,
132,snnu.edu.cn, ,2018-12-16 12:29:19 UTC,PMC OAI (NIH),10.1002/mnfr.201700134,True,True,
133,hsph.harvard.edu,https://api.elsevier.com/content/article/PII:S0749379716303129?httpAccept=text/xml,2018-12-17 16:06:12 UTC,Elsevier XML,10.1016/j.amepre.2016.08.006,True,True,
134,manchester.ac.uk,https://api.wiley.com/onlinelibrary/tdm/v1/articles/10.1111%2Fgeoj.12259,2019-01-03 18:07:39 UTC,Wiley PDF,10.1111/geoj.12259,True,True,
135,cp3-origins.net,http://harvest.aps.org/v2/journals/articles/10.1103/PhysRevD.96.075040/fulltext,2019-01-12 15:15:16 UTC,APS TDM,10.1103/physrevd.96.075040,False,True,more adresses
136,bham.ac.uk,https://api.elsevier.com/content/article/PII:S0168851017301987?httpAccept=text/xml,2018-12-17 16:06:12 UTC,Elsevier XML,10.1016/j.healthpol.2017.07.009,False,True,more adresses
137,caas.cn, ,2018-12-16 12:29:19 UTC,PMC OAI (NIH),10.1093/jxb/erx382,True,True,
138,utu.fi,https://api.elsevier.com/content/article/PII:S0022399917300612?httpAccept=text/xml,2018-12-17 16:06:12 UTC,Elsevier XML,10.1016/j.jpsychores.2017.07.003,True,True,
139,exeter.ac.uk,https://api.elsevier.com/content/article/PII:S0029801817302433?httpAccept=text/xml,2018-12-17 16:06:12 UTC,Elsevier XML,10.1016/j.oceaneng.2017.04.049,True,True,
140,inrca.it,https://api.elsevier.com/content/article/PII:S0168851017302063?httpAccept=text/xml,2018-12-17 16:06:12 UTC,Elsevier XML,10.1016/j.healthpol.2017.08.006,True,True,
141,imn.gliwice.pl,http://link.springer.com/article/10.1007/s11664-018-6811-7/fulltext.html,2019-01-04 14:40:57 UTC,Springer HTML,10.1007/s11664-018-6811-7,True,True,
142,ows.be,http://link.springer.com/article/10.1007/s11367-016-1249-8/fulltext.html,2018-12-18 08:00:29 UTC,Springer HTML,10.1007/s11367-016-1249-8,True,True,
143,aau.in, ,2018-12-16 12:29:19 UTC,PMC OAI (NIH),10.1007/s13205-015-0351-0,False,True,more adresses
144,ecust.edu.cn,http://pubs.acs.org/doi/pdf/10.1021/acs.jmedchem.5b01984,2019-01-13 12:40:30 UTC,ACS TDM,10.1021/acs.jmedchem.5b01984,False,True,second adress
145,su.se, ,2018-12-16 12:29:19 UTC,PMC OAI (NIH),10.1007/s00441-016-2463-1,True,True,
146,bath.ac.uk,https://api.elsevier.com/content/article/PII:S0926337315000624?httpAccept=text/xml,2018-12-17 16:06:12 UTC,Elsevier XML,10.1016/j.apcatb.2015.02.011,True,True,
147,mmk.su.se,http://pubs.acs.org/doi/pdf/10.1021/ct301019v,2019-01-13 12:40:30 UTC,ACS TDM,10.1021/ct301019v,True,True,
148,mmu.ac.uk,https://api.elsevier.com/content/article/PII:S0377221716304362?httpAccept=text/xml,2018-12-17 16:06:12 UTC,Elsevier XML,10.1016/j.ejor.2016.06.016,True,True,
149,umu.se, ,2018-12-16 12:29:19 UTC,PMC OAI (NIH),10.1007/s11192-016-2097-9,False,True,second adress
150,uni-graz.at,https://api.elsevier.com/content/article/PII:S0959652617307370?httpAccept=text/xml,2018-12-17 16:06:12 UTC,Elsevier XML,10.1016/j.jclepro.2017.04.030,False,True,more adresses
151,ltu.se,http://link.springer.com/article/10.1007/s11831-018-09313-9/fulltext.html,2019-01-04 14:40:57 UTC,Springer HTML,10.1007/s11831-018-09313-9,True,True,
152,helsinki.fi,http://link.springer.com/article/10.1007/s00181-018-1582-9/fulltext.html,2018-12-18 08:00:29 UTC,Springer HTML,10.1007/s00181-018-1582-9,True,True,
153,brunel.ac.uk,https://api.elsevier.com/content/article/PII:S0028393214000943?httpAccept=text/xml,2018-12-17 16:06:12 UTC,Elsevier XML,10.1016/j.neuropsychologia.2014.03.009,True,True,
154,meduniwien.ac.at, ,2018-12-16 12:29:19 UTC,PMC OAI (NIH),10.1007/s11999-016-4741-3,True,True,
155,emr.ac.uk,https://api.wiley.com/onlinelibrary/tdm/v1/articles/10.1111%2Fnph.15182,2019-01-03 18:07:39 UTC,Wiley PDF,10.1111/nph.15182,True,True,
156,moorfields.nhs.uk, ,2018-12-16 12:29:19 UTC,PMC OAI (NIH),10.1007/s10633-018-9652-z,True,True,
157,hw.ac.uk,http://link.springer.com/article/10.1007/s10236-016-0958-7/fulltext.html,2018-12-18 08:00:29 UTC,Springer HTML,10.1007/s10236-016-0958-7,True,True,
158,astrazeneca.com, ,2018-12-16 12:29:19 UTC,PMC OAI (NIH),10.1107/s2059798316004502,False,True,more adresses
159,cern.ch,https://api.wiley.com/onlinelibrary/tdm/v1/articles/10.1002%2Ftea.21442,2019-01-03 18:07:39 UTC,Wiley PDF,10.1002/tea.21442,True,True,
160,amu.edu.pl,http://link.springer.com/article/10.1007/s00340-016-6429-5/fulltext.html,2018-12-18 08:00:29 UTC,Springer HTML,10.1007/s00340-016-6429-5,True,True,
161,kaust.edu.sa,http://stacks.iop.org/2053-1583/1/i=3/a=034001?key=crossref.0569a88dfb376568e675805a3d3d065a,2019-01-07 11:01:01 UTC,IOP TDM,10.1088/2053-1583/1/3/034001,True,True,
162,gmail.com,http://link.springer.com/article/10.1007/s11368-016-1599-7/fulltext.html,2018-12-18 08:00:29 UTC,Springer HTML,10.1007/s11368-016-1599-7,True,True,
163,xmu.edu.cn,http://link.springer.com/article/10.1007/s10936-018-9575-6/fulltext.html,2019-01-04 14:40:57 UTC,Springer HTML,10.1007/s10936-018-9575-6,True,True,
164,ebc.uu.se,https://api.elsevier.com/content/article/PII:S0960982215004005?httpAccept=text/xml,2018-12-17 16:06:12 UTC,Elsevier XML,10.1016/j.cub.2015.03.047,True,True,
165,vgregion.se, ,2018-12-16 12:29:19 UTC,PMC OAI (NIH),10.1007/s00266-016-0684-z,True,True,
166,lincoln.ac.uk, ,2018-12-16 12:29:19 UTC,PMC OAI (NIH),10.1007/s11031-017-9615-9,True,True,
167,epfl.ch,https://api.elsevier.com/content/article/PII:S0097849316300218?httpAccept=text/xml,2018-12-17 16:06:12 UTC,Elsevier XML,10.1016/j.cag.2016.03.008,True,True,
168,strubi.ox.ac.uk,https://api.elsevier.com/content/article/PII:S0969212614000379?httpAccept=text/xml,2018-12-17 16:06:12 UTC,Elsevier XML,10.1016/j.str.2014.01.009,True,True,
169,sapmed.ac.jp, ,2018-12-16 12:29:19 UTC,PMC OAI (NIH),10.1007/s00268-018-4519-8,True,True,
170,unimelb.edu.au,https://api.elsevier.com/content/article/PII:S0301051118303776?httpAccept=text/xml,2018-12-17 16:06:12 UTC,Elsevier XML,10.1016/j.biopsycho.2018.09.002,True,True,
171,icr.ac.uk,https://api.elsevier.com/content/article/PII:S0959437X14001464?httpAccept=text/xml,2018-12-17 16:06:12 UTC,Elsevier XML,10.1016/j.gde.2014.12.001,True,True,
172,uzh.ch,https://api.elsevier.com/content/article/PII:S0094576514001799?httpAccept=text/xml,2018-12-17 16:06:12 UTC,Elsevier XML,10.1016/j.actaastro.2014.05.019,False,True,"one author, several adresses"
173,yahoo.com, ,2018-12-16 12:29:19 UTC,PMC OAI (NIH),10.1007/s40264-017-0505-6,True,True,
174,yahoo.co.jp, ,2018-12-16 12:29:19 UTC,PMC OAI (NIH),10.1002/bjs.10412,True,True,
175,crt-dresden.de,https://api.elsevier.com/content/article/PII:S1534580716307511?httpAccept=text/xml,2018-12-17 16:06:12 UTC,Elsevier XML,10.1016/j.devcel.2016.10.013,False,True,second adress
176,duke-nus.edu.sg,https://api.elsevier.com/content/article/PII:S1053811917301040?httpAccept=text/xml,2018-12-17 16:06:12 UTC,Elsevier XML,10.1016/j.neuroimage.2017.01.080,True,True,
177, ,http://harvest.aps.org/v2/journals/articles/10.1103/PhysRevD.98.092005/fulltext,2019-01-12 15:15:16 UTC,APS TDM,10.1103/physrevd.98.092005,True,True,
178,cms.caltech.edu,http://link.springer.com/article/10.1186/s40687-017-0113-1/fulltext.html,2018-12-18 08:00:29 UTC,Springer HTML,10.1186/s40687-017-0113-1,True,True,
179,strath.ac.uk,http://link.springer.com/article/10.1007/s10569-017-9807-3/fulltext.html,2018-12-18 08:00:29 UTC,Springer HTML,10.1007/s10569-017-9807-3,True,True,
180,ucdenver.edu,http://link.springer.com/article/10.1007/s10393-018-1351-4/fulltext.html,2019-01-04 14:40:57 UTC,Springer HTML,10.1007/s10393-018-1351-4,True,True,
181,uml.edu,https://api.elsevier.com/content/article/PII:S0306261915016785?httpAccept=text/xml,2018-12-17 16:06:12 UTC,Elsevier XML,10.1016/j.apenergy.2015.12.105,True,True,
182,brown.edu,https://api.elsevier.com/content/article/PII:S1053811915009490?httpAccept=text/xml,2018-12-17 16:06:12 UTC,Elsevier XML,10.1016/j.neuroimage.2015.10.038,True,True,
183,unige.ch,http://harvest.aps.org/v2/journals/articles/10.1103/PhysRevA.87.061801/fulltext,2019-01-12 15:15:16 UTC,APS TDM,10.1103/physreva.87.061801,False,True,second adress
184,skku.edu,http://pubs.acs.org/doi/pdf/10.1021/acs.iecr.7b02509,2019-01-13 12:40:30 UTC,ACS TDM,10.1021/acs.iecr.7b02509,False,True,second adress
185,gmail.com,http://link.springer.com/article/10.1007/s11009-016-9530-7/fulltext.html,2018-12-18 08:00:29 UTC,Springer HTML,10.1007/s11009-016-9530-7,True,True,
186,gmail.com,https://www.tandfonline.com/doi/pdf/10.1080/08941920.2018.1505012,2019-01-12 15:11:32 UTC,Informa TDM,10.1080/08941920.2018.1505012,True,True,
187,cardiff.ac.uk, ,2018-12-16 12:29:19 UTC,PMC OAI (NIH),10.1007/s12031-018-1083-5,True,True,
188,bsi.ru.nl, ,2018-12-16 12:29:19 UTC,PMC OAI (NIH),10.1007/s00213-016-4332-8,True,True,
189,mst.nl,https://api.elsevier.com/content/article/PII:S0002870314000155?httpAccept=text/xml,2018-12-17 16:06:12 UTC,Elsevier XML,10.1016/j.ahj.2013.11.014,True,True,
190,cuhk.edu.hk, ,2018-12-16 12:29:19 UTC,PMC OAI (NIH),10.1007/s11892-016-0821-8,True,True,
191,jyu.fi,http://link.springer.com/article/10.1007/s40520-018-1074-y/fulltext.html,2019-01-04 14:40:57 UTC,Springer HTML,10.1007/s40520-018-1074-y,True,True,
192,st-andrews.ac.uk,https://api.elsevier.com/content/article/PII:S0012821X15005853?httpAccept=text/xml,2018-12-17 16:06:12 UTC,Elsevier XML,10.1016/j.epsl.2015.09.018,False,True,second adress
193,fz-juelich.de,https://api.elsevier.com/content/article/PII:S0168900217308392?httpAccept=text/xml,2018-12-17 16:06:12 UTC,Elsevier XML,10.1016/j.nima.2017.07.064,True,True,
194,udel.edu,https://api.elsevier.com/content/article/PII:S0306261917312035?httpAccept=text/xml,2018-12-17 16:06:12 UTC,Elsevier XML,10.1016/j.apenergy.2017.08.178,False,True,more adresses
195,hotmail.com,https://api.elsevier.com/content/article/PII:S0360319918312680?httpAccept=text/xml,2018-12-17 16:06:12 UTC,Elsevier XML,10.1016/j.ijhydene.2018.04.111,True,True,
196,cam.ac.uk,https://api.elsevier.com/content/article/PII:S1550413118301311?httpAccept=text/xml,2018-12-17 16:06:12 UTC,Elsevier XML,10.1016/j.cmet.2018.02.020,True,True,
197,fz-juelich.de,https://api.wiley.com/onlinelibrary/tdm/v1/articles/10.1002%2Fadfm.201702282,2019-01-03 18:07:39 UTC,Wiley PDF,10.1002/adfm.201702282,False,True,second adress
198,gmail.com,http://link.springer.com/article/10.1007/s40072-018-0113-1/fulltext.html,2018-12-18 08:00:29 UTC,Springer HTML,10.1007/s40072-018-0113-1,True,True,
199,uni-hamburg.de, ,2018-12-16 12:29:19 UTC,PMC OAI (NIH),10.1007/s13280-016-0766-9,True,True,
